Position,Gene,Allele,Annotation,Test.statistic,P.value,Deletion.index,Fold.reduction,Deletion.P.value,Duplication.index,Fold.increase,Duplication.pvalue,Passed.,AC.0,AC.500,AC.1000,AC.1500,AC.2000,AC.2500,AC.3000,AC.3500,AC.4000,AC.4500,AC.5000,AC.5500,AC.6000,AC.6500,AC.7000,AC.7500,AC.8000,AC.8500,AC.9000,AC.9500,AC.10000,AC.10500,AC.11000,AC.11500,AC.12000,AC.12500,AC.13000,AC.13500,AC.14000,AC.14500,AC.15000,AC.15500,AC.16000,AC.16500,AC.17000,AC.17500,AC.18000,AC.18500,AC.19000,AC.19500,AC.20000,AC.20500,AC.21000,AC.21500,AC.22000,AC.22500,AC.23000,AC.23500,AC.24000,AC.24500,AC.25000,AC.25500,AC.26000,AC.26500,AC.27000,AC.27500,AC.28000,AC.28500,AC.29000,AC.29500,AC.30000,AC.30500,AC.31000,AC.31500,AC.32000,AC.32500,AC.33000,AC.33500,AC.34000,AC.34500,AC.35000,AC.35500,AC.36000,AC.36500,AC.37000,AC.37500,AC.38000,AC.38500,AC.39000,AC.39500,AC.40000,AC.40500,AC.41000,AC.41500,AC.42000,AC.42500,AC.43000,AC.43500,AC.44000,AC.44500,AC.45000,AC.45500,AC.46000,AC.47000,AC.47500,AC.48000,AC.48500,AC.49000,AC.49500,AC.50000,AC.50500,AC.51000,AC.51500,AC.52000,AC.52500,AC.53000,AC.53500,AC.54000,AC.54500,AC.55000,AC.55500,AC.56000,AC.56500,AC.57000,AC.57500,AC.58000,AC.58500,AC.59000,AC.59500,AC.60000,AC.60500
2004,thrA,A->T,missense,3.80312,0.0009999,120,-1,0.352941,118,0.9,0.444444,PASS,0,0,0,0,0,0,0,0,0,0,0,0,0,0,0,0,0,0,0,0,0,0,0,0,0,0,0,0,0,0,0,0,0,0,0,0,0,0,0,0,0,0,0,0,0,0,0,0,0,0,0,0,0,0,0,0,0,0,0,0,0,0,0,0,0,0.076923077,0.04,0,0,0,0,0.076923077,0.044444444,0.323529412,0.074074074,0.105263158,0,0,0,0,0,0,0,0,0,0,0,0,0,0,0,0,0,0,0,0,0,0,0,0,0,0,0,0,0,0,0,0,0,0,0,0,0,0,0,0,0,0,0,0,0
2614,thrA,C->T,missense,4.16859,1.00E-04,120,-1,0.333333,117,0.9,0.631579,PASS,0,0,0,0,0,0,0,0,0,0,0,0,0,0,0,0,0,0,0,0,0,0,0,0,0,0,0,0,0,0,0,0,0,0,0,0,0,0,0,0,0,0,0,0,0,0,0,0,0,0.032258065,0,0,0,0,0,0,0,0,0,0,0,0,0,0,0,0,0,0,0,0,0.047619048,0,0,0,0,0,0,0,0,0,0,0,0,0,0.02173913,0,0,0,0,0,0,0.022222222,0.022727273,0.047619048,0.242424242,0.391304348,0.486486486,0.394736842,0.089285714,0.090909091,0,0,0,0,0,0,0,0,0,0,0,0,0,0,0,0,0,0,0,0,0
5365,yaaX,MOB_5365_5373_IS1_-1,sv,0.882294,1.00E-04,120,-1,0.292683,118,0.9,0.25,PASS,0,0,0,0,0,0,0,0,0,0,0,0,0,0,0,0,0,0.01233623,0,0,0,0,0,0,0,0,0,0,0.010351967,0,0,0,0,0,0,0,0,0,0,0,0,0,0.019533622,0,0,0,0,0,0,0.017301038,0,0,0.015432099,0,0.06584607,0.352358156,0.3565,0.391477948,0.185220053,0.168161702,0.114808122,0.295458274,0.297195444,0.56927,0.241133449,0.408574074,0.34383905,0.171954156,0.33141514,0.042372881,0.011668611,0.601709114,0.565622222,0.725919633,0.562008368,0.835178794,0.891290206,0.899223058,0.942768328,0.940430007,0.942056075,0.945341241,0.887635048,0.938925234,0.95490724,0.98124053,0.899504016,0.982271881,0.912587413,0.934081858,0.773205128,0.890318633,0.953146417,0.968964778,0.959519515,0.979385542,0.939996956,0.918607843,0.927247347,0.927750364,0.969111111,0.953187416,1,0.949298986,0.951690773,0.909400452,0.961160875,0.863104743,0.936956113,0.911141776,0.935541578,0.908305991,0.918770099,0.948695839,0.976607355,0.909185598,0.940989234,0.941707113,0.925180753,0.958199038,0.980257545
78888,yabN,MOB_78888_78890_IS150_-1,sv,2.6994,1.00E-04,120,-1,0.173913,119,0.9,0.155844,PASS,0,0,0,0,0,0,0,0,0,0,0,0,0,0,0,0,0,0,0,0,0,0,0.028571429,0,0,0,0,0,0,0,0,0,0,0,0,0,0,0,0,0,0,0,0,0,0,0,0,0,0.008333333,0,0,0,0,0,0,0,0,0,0,0.051020408,0.328125,0.365384615,0.212121212,0.039215686,0.151162791,0.060606061,0.05,0.087837838,0,0,0.022727273,0.367346939,0.13,0.171875,0.133333333,0.159090909,0.021978022,0,0,0,0,0,0,0,0,0,0,0,0,0,0,0,0,0,0,0,0,0,0,0,0,0,0,0,0,0,0,0,0,0,0,0.024590164,0,0,0,0.015873016,0,0.005763689,0,0.004716981,0
106948,ftsA,G->A,missense,1.33562,1.00E-04,120,-1,0.4,119,0.9,0.4,PASS,0,0,0,0,0,0,0,0,0,0,0,0,0,0,0,0,0,0,0,0,0,0,0,0,0,0,0,0,0,0,0,0,0,0,0,0,0,0,0,0,0,0,0,0,0,0,0,0,0,0,0,0,0,0,0,0,0,0,0,0,0,0,0,0,0,0,0,0,0,0,0,0,0,0,0,0,0,0,0,0,0,0,0,0,0,0,0,0,0,0,0.260869565,0.9375,1,1,1,1,1,1,1,1,1,1,1,1,1,1,1,1,1,1,1,1,1,1,1,1,1,1,1,1,1
145547,yadF,G->A,noncoding,0.934793,1.00E-04,120,-1,0.133333,118,0.9,0.363636,PASS,0,0,0,0,0,0,0,0,0,0,0,0,0,0,0,0,0,0,0,0,0,0,0,0,0,0,0,0,0,0,0,0,0,0,0,0,0,0,0,0,0,0,0,0,0,0,0,0,0,0,0,0,0,0,0,0.380952381,0.52173913,0.1,0.294117647,0.114285714,0.222222222,0.35483871,0.25,0.5625,0.184210526,0.25,0.45,0.132352941,0.285714286,0.023255814,0.022222222,0.548387097,0.808510638,0.692307692,0.962962963,0.894736842,0.965517241,0.916666667,1,1,1,1,1,1,1,0.956521739,1,1,1,1,1,1,1,0.933333333,1,1,1,1,1,1,1,1,0.928571429,1,1,1,1,1,1,1,1,1,1,1,1,1,1,1,1,1,1
247897,fadE,G->T,noncoding,1.48258,1.00E-04,120,-1,0.428571,119,0.9,0.307692,PASS,0,0,0,0,0,0,0,0,0,0,0,0,0,0,0,0,0,0,0,0,0,0,0,0,0,0,0,0.018518519,0,0,0,0,0,0,0,0,0,0,0,0,0,0,0,0,0,0,0,0,0,0,0,0,0,0,0,0,0,0,0,0,0,0,0,0,0,0,0,0,0,0,0,0,0,0,0,0,0,0,0,0,0,0,0,0,0,0,0,0,0,0,0,0,0,0,0.058823529,0.225806452,0.333333333,0.6,0.855421687,0.955882353,1,1,0.931034483,1,1,1,1,0.985507246,1,1,1,1,1,1,1,1,1,1,1,1,1
304709,intergenic,MOB_304709_304717_IS1_-1,sv,3.17559,1.00E-04,120,-1,0.75,114,0.9,0.705882,PASS,0,0,0,0,0,0,0,0,0,0,0,0,0,0,0,0,0,0,0,0,0,0,0,0,0,0,0,0,0,0,0,0,0,0,0,0,0,0,0,0,0,0,0,0,0,0,0,0,0,0,0,0,0,0,0,0,0.097001618,0.557464903,0.540636,0.62921895,0.79186677,0.586827143,0.390226184,0.349012418,0.647933333,0.910994545,0.428412894,0.230744214,0.301498885,0.286458739,0.117663378,0.250791729,0.085698757,0.269015648,0.066623077,0.071440609,0,0,0,0,0,0,0,0,0,0,0,0,0,0,0,0,0,0,0,0,0,0,0,0,0,0,0,0,0,0,0,0,0,0,0,0,0,0,0,0,0,0,0,0,0
387698,intergenic,T->C,noncoding,2.77707,0.00019998,120,-1,0.5,118,0.9,0.75,PASS,0,0,0,0,0,0,0,0,0,0,0,0,0,0,0,0,0,0,0,0,0,0,0,0,0,0,0,0,0,0,0,0,0,0,0,0,0,0,0,0,0.090909091,0.333333333,0,0.175438596,0.176470588,0,0.117647059,0.181818182,0.214285714,0.12,0,0.428571429,0.173913043,0.4,0.285714286,0.05,0.045454545,0,0,0,0,0,0,0,0,0,0,0,0,0,0.041666667,0,0,0,0,0,0,0,0,0,0,0,0,0,0,0,0,0,0,0,0,0,0,0,0,0,0,0,0,0,0,0,0,0,0,0,0,0,0,0,0,0,0,0,0,0,0,0,0,0,0
428660,clpX,A->T,missense,3.0332,0.00249975,120,-1,1,118,0.9,0.857143,PASS,0,0,0,0,0,0,0,0,0,0,0,0,0,0,0,0,0,0,0,0,0,0,0,0,0,0,0,0,0,0,0,0,0,0,0,0,0,0,0,0,0,0,0,0.012048193,0,0,0,0,0,0,0,0,0,0,0,0,0,0,0,0,0,0,0,0,0,0,0,0,0,0,0,0,0,0,0,0,0,0,0,0,0,0,0,0,0,0,0,0,0,0,0,0,0,0,0,0,0,0,0,0,0,0,0,0,0,0,0,0,0,0,0,0.033898305,0.011764706,0.045045045,0.035714286,0.081632653,0,0.080745342,0.266666667,0.3375,0.756756757
430855,lon,C->T,noncoding,1.99781,0.00029997,120,-1,0.545455,118,0.9,0.631579,PASS,0,0,0,0,0,0,0,0,0,0,0,0,0,0,0,0,0,0,0,0,0,0,0,0,0,0,0,0,0,0,0,0,0,0,0,0,0,0,0,0,0,0,0,0,0,0,0,0,0,0,0,0,0,0,0,0,0,0,0,0,0,0,0,0,0,0,0,0,0,0,0,0,0,0,0,0,0,0,0,0,0,0,0,0,0,0,0,0,0,0,0,0,0,0,0,0,0,0,0,0,0,0,0,0,0,0,0,0,0,0.025210084,0.130434783,0.098901099,0.268398268,0.494252874,0.46875,0.309278351,0.49122807,0.409961686,0.461538462,0.458064516,0.173913043
430917,lon,C->T,noncoding,0.975581,1.00E-04,120,-1,0.4,119,0.9,0.857143,PASS,0,0,0,0,0,0,0,0,0,0,0,0.021276596,0,0,0,0,0,0,0,0,0,0,0,0,0,0,0,0.051724138,0.319148936,0.50877193,0.619047619,0.770833333,0.933333333,0.966666667,1,1,1,1,1,1,1,1,1,1,1,1,1,1,1,1,1,1,1,1,1,1,1,1,1,1,1,1,1,1,1,1,1,1,1,1,1,1,1,1,1,1,1,1,1,1,1,1,0.982758621,1,1,1,1,1,1,1,1,1,1,1,1,1,1,1,1,0.985294118,1,1,1,0.979591837,1,1,1,1,1,1,1,1,1,0.994818653,1,1,1,0.994252874,1,1,1
474965,ybaL,A->C,nonsense,0.977564,1.00E-04,120,-1,0.0875912,119,0.9,0.272727,PASS,0,0,0,0,0,0,0,0.277777778,0.37704918,0.09375,0.310344828,0.965517241,0.941176471,1,1,1,1,0.972972973,0.95,1,1,1,1,1,1,1,1,1,1,1,1,1,1,1,1,1,1,1,1,1,1,1,1,1,1,1,1,1,1,1,1,1,1,1,1,1,1,1,1,1,1,1,1,1,1,1,1,1,1,1,1,1,1,1,1,1,1,1,1,1,0.956521739,1,1,1,1,1,1,1,1,1,1,1,1,1,1,1,1,1,1,1,1,1,1,1,1,1,1,1,1,1,1,1,1,1,1,1,1,1,1,1,1
508508,hyi,C->T,synonymous,3.72043,0.00369963,120,-1,0.0628272,118,0.9,0.307692,PASS,0,0,0,0,0,0,0,0,0,0,0,0,0,0,0,0,0,0,0,0,0,0,0,0,0,0,0,0,0,0,0,0,0,0,0,0,0,0,0,0.04,0,0,0,0,0,0,0,0,0,0,0,0,0,0,0,0,0,0,0,0,0,0,0,0,0.1,0,0.2,0.089552239,0.088235294,0,0,0,0,0,0,0,0,0,0,0,0,0,0,0,0,0,0,0,0,0,0,0,0,0,0,0,0,0,0,0,0,0,0,0,0,0,0,0,0,0,0,0,0,0,0,0,0,0,0,0.0125,0
545561,rus,MOB_545561_545564_IS3_1,sv,6.31252,0.00019998,120,-1,0.521739,119,0.9,0.857143,PASS,0,0,0,0,0,0,0,0,0,0,0,0,0,0,0,0,0,0,0,0,0,0,0,0,0,0,0,0,0,0,0,0,0,0,0,0,0,0,0,0,0,0,0,0,0,0,0,0,0,0,0,0,0,0,0.062695925,0.023612751,0.174672489,0.185873606,0.111524164,0.028288543,0,0,0,0,0,0,0,0,0,0,0,0,0,0,0,0,0,0,0,0,0,0,0,0,0,0,0,0,0,0,0,0,0,0,0,0,0,0,0,0,0,0,0,0,0,0,0,0,0,0,0,0,0,0,0,0,0,0,0,0,0
545968,ybcQ,junction_545968_-1_IS1_end,sv,4.53058,0.00059994,120,-1,1,118,0.9,0.857143,PASS,0,0,0,0,0,0,0,0,0,0,0,0,0,0,0,0,0,0,0,0,0,0,0,0,0,0,0,0,0,0,0,0,0,0,0,0,0,0,0,0,0,0,0,0,0,0,0,0,0,0,0,0,0,0,0,0,0,0,0,0,0,0,0,0,0,0,0,0,0,0,0,0,0,0,0,0,0,0,0,0,0,0,0,0,0,0,0,0,0,0,0,0,0,0,0,0,0,0,0,0,0,0,0,0,0.068965517,0.16,0.081081081,0.054054054,0.058823529,0.010416667,0,0,0,0.010752688,0,0,0,0,0,0,0
618738,ybdN,C->T,missense,2.5399,0.00975399,120,-1,0.857143,117,0.9,0.631579,PASS,0,0,0,0,0,0,0,0,0,0,0,0.03030303,0,0,0,0,0,0,0,0,0,0,0,0,0,0,0,0,0,0,0,0,0,0,0,0,0,0,0,0,0,0,0,0,0,0.041666667,0,0,0,0,0,0,0,0,0,0,0.045454545,0,0,0,0,0,0,0,0,0,0,0,0,0,0,0,0,0,0,0,0,0,0,0,0,0,0,0,0,0,0,0,0,0,0,0,0,0,0,0,0,0,0,0,0,0,0,0,0,0,0,0,0,0,0,0,0.007462687,0,0,0.023255814,0.023255814,0.090909091,0.163265306,0.077922078,0.074074074
683455,nagC,T->G,missense,4.00982,0.00479952,120,-1,0.857143,119,0.9,0.4,PASS,0,0,0,0,0,0,0,0,0,0,0,0,0,0,0,0,0,0,0,0,0,0,0,0,0,0,0,0,0,0,0,0,0,0,0,0,0,0,0,0,0,0,0,0,0,0,0,0,0,0,0,0,0,0,0,0,0,0,0,0,0,0,0,0,0,0,0,0,0,0,0,0,0,0,0,0,0,0,0,0,0,0,0,0,0,0,0,0,0,0,0,0,0,0,0,0,0,0,0,0,0,0,0,0,0,0,0,0,0,0,0,0,0,0,0,0,0,0.011764706,0.045454545,0.136363636,0.142857143
743469,sucB,G->A,missense,1.31642,1.00E-04,120,-1,0.705882,118,0.9,0.857143,PASS,0,0,0,0,0,0,0,0,0.006993007,0,0,0.03030303,0,0,0,0,0,0,0,0,0,0,0,0,0,0,0,0,0,0,0,0,0,0,0.041666667,0,0,0,0,0,0,0,0,0,0,0,0,0,0,0,0,0,0,0,0,0,0,0,0,0,0,0,0,0,0,0,0,0,0,0,0,0,0,0,0,0,0,0,0,0,0,0,0,0,0,0,0,0.117647059,0.047619048,0.090909091,0.222222222,1,1,1,0.979166667,1,1,0.976744186,1,1,1,1,1,1,1,1,1,1,1,1,1,0.989473684,1,1,1,1,1,0.993975904,1,0.991304348,1
795320,intergenic,MOB_795320_795325_IS186_1,sv,1.7612,0.00309969,120,-1,0.857143,112,0.9,0.444444,PASS,0,0,0,0,0,0,0,0,0.006451613,0.013333333,0,0,0,0,0,0,0,0,0,0,0,0,0,0.023255814,0,0,0,0.048387097,0.080645161,0.078947368,0.214285714,0.046511628,0.052631579,0.056074766,0.041666667,0,0,0,0,0,0,0,0,0,0,0,0,0,0,0,0,0,0,0,0,0,0,0,0,0,0,0,0,0,0,0,0,0,0,0,0,0,0,0,0,0,0,0,0,0,0,0,0.02,0,0,0,0,0.026315789,0,0,0,0,0,0,0,0,0,0,0,0,0,0.008474576,0,0,0,0,0,0,0,0.006024096,0,0,0.006896552,0,0,0.016393443,0,0.035046729,0.035714286,0.041666667,0.031746032
819818,ybhS,junction_819818_1_IS1_end,sv,4.82123,0.00109989,120,-1,1,117,0.9,0.705882,PASS,0.006535948,0,0,0,0,0,0,0,0,0,0,0,0,0,0,0,0,0,0,0,0,0,0,0,0,0,0,0,0,0,0,0,0,0,0,0,0,0,0,0,0,0,0,0,0,0,0,0,0,0,0,0,0,0,0,0,0,0,0,0,0,0,0,0,0,0,0,0,0,0,0,0,0.107142857,0.096774194,0.133333333,0.047619048,0,0,0,0,0,0,0,0,0,0,0,0,0,0,0,0,0,0,0,0,0,0,0,0,0,0,0,0,0,0,0,0,0,0,0,0,0,0,0,0,0,0,0,0,0
876979,cmr,T->G,missense,3.52957,1.00E-04,120,-1,0.6,118,0.9,0.923077,PASS,0,0,0,0,0,0,0,0,0.012195122,0,0,0,0,0,0,0,0,0,0,0,0,0,0,0,0,0,0,0,0,0,0,0,0,0,0,0,0,0,0,0,0,0,0,0,0,0,0,0,0,0,0,0,0,0,0,0,0,0,0,0,0,0,0,0.066666667,0.12,0.111111111,0.125,0.351351351,0.37037037,0.619047619,0.909090909,0.35,0.048780488,0.133333333,0.181818182,0,0.043478261,0,0.043478261,0,0.045454545,0,0.043478261,0.1,0,0,0,0,0,0,0,0,0,0,0,0,0,0,0,0,0,0,0,0,0,0,0,0,0,0,0,0,0,0,0,0,0,0,0,0,0
917630,artM,C->A,synonymous,3.57829,0.012698,120,-1,0.545455,118,0.9,0.428571,PASS,0,0,0,0,0,0.03125,0,0,0,0,0,0,0,0,0,0,0,0,0,0,0,0,0,0,0,0,0,0,0,0,0,0,0,0,0,0,0,0,0,0,0,0,0,0,0,0,0,0,0,0,0,0,0,0,0,0,0,0,0,0,0,0,0,0,0,0,0,0,0,0,0,0.053571429,0.090909091,0.1,0,0.210526316,0,0,0,0,0,0,0,0,0,0,0,0,0,0,0,0,0,0,0,0,0,0,0,0,0,0,0,0,0,0,0,0,0,0,0,0,0,0,0,0,0,0,0,0,0
930552,hcp,A->G,noncoding,1.21449,1.00E-04,120,-1,1,116,0.9,0.923077,PASS,0,0,0,0,0,0,0,0,0,0,0,0,0,0,0,0,0,0,0,0,0,0,0,0,0,0,0,0,0,0,0,0,0,0,0,0,0,0,0,0,0,0,0,0,0,0,0,0,0,0,0,0,0,0,0,0,0,0,0,0,0,0,0,0,0,0,0,0,0,0,0,0,0,0,0,0,0,0,0,0,0.181818182,0.769230769,0.5,0.777777778,0.857142857,0.882352941,0.916666667,1,0.787878788,1,1,1,1,1,1,1,1,1,1,0.976744186,1,1,1,1,1,1,1,1,1,1,1,1,1,1,1,1,1,0.993055556,1,1,1
934361,ybjD,G->A,missense,1.24596,1.00E-04,120,-1,0.5,118,0.9,0.4,PASS,0,0,0,0,0,0,0,0,0,0,0,0,0,0,0,0,0,0,0,0,0,0,0,0,0,0,0,0,0,0,0,0,0,0,0,0,0,0,0,0,0,0,0,0,0,0,0,0,0,0,0,0,0,0,0,0,0,0,0,0,0,0,0,0,0,0.1,0,0,0,0,0,0,0,0,0,0,0,0,0.076923077,0.030769231,0.44,0.941176471,0.884615385,0.909090909,0.913793103,0.96,1,0.727272727,0.814814815,0.818181818,1,1,1,0.944444444,1,1,1,1,1,1,1,1,1,1,1,1,1,1,1,1,1,1,1,1,1,0.979166667,1,1,1,1,1
935051,ybjX,indel;A;-1;T,indel,2.56187,0.0009999,120,-1,0.705882,116,0.9,0.413793,PASS,0,0,0,0,0,0,0,0,0,0,0,0,0,0,0,0,0,0,0,0,0,0,0,0.04,0,0,0,0,0,0,0,0,0,0,0,0,0,0,0,0,0,0,0,0,0,0,0,0,0,0,0,0,0,0,0,0,0,0,0,0.027027027,0,0,0,0,0,0,0,0,0,0,0,0,0,0,0,0,0,0,0,0,0,0,0,0,0,0,0,0,0,0,0,0,0,0,0,0,0,0,0,0,0,0,0,0,0,0,0.136363636,0,0,0.017241379,0.111111111,0.090909091,0.015873016,0.038461538,0.166666667,0.023809524,0.037037037,0.198113208,0.289473684,0.433333333,0.666666667
949821,lrp,T->G,missense,0.989429,1.00E-04,120,-1,0.521739,119,0.9,0.75,PASS,0,0,0,0,0,0,0,0,0,0,0,0,0,0,0,0,0,0,0,0,0,0,0,0.566037736,1,1,1,1,1,1,1,1,1,1,1,1,1,1,1,1,1,1,1,1,1,1,1,1,1,1,1,1,1,1,1,1,1,1,1,1,1,1,1,1,1,1,1,1,1,1,1,1,1,1,1,1,1,1,1,1,0.972222222,1,1,1,1,1,1,1,1,1,1,1,1,1,1,1,1,1,1,1,1,1,1,1,1,1,1,1,1,1,1,1,1,1,1,1,1,1,1,0.991304348,1
979486,rpsA,T->G,missense,0.991539,1.00E-04,120,-1,0.0784314,117,0.9,0.0366972,PASS,0,0,0,0,0,0.576923077,0.857142857,1,1,1,1,1,1,1,1,1,0.857142857,1,1,1,1,1,1,1,1,1,1,1,1,1,1,1,1,1,1,1,1,1,1,1,1,1,1,1,1,1,1,1,1,1,1,1,1,1,1,1,1,1,1,0.967741935,1,1,1,1,1,1,1,1,1,1,1,1,1,1,1,1,1,1,1,1,1,1,1,1,1,1,1,1,1,1,1,1,1,1,1,1,1,1,1,1,1,1,1,1,1,0.956521739,1,1,1,1,1,1,1,1,1,1,1,1,1,1,1
998325,ycbB,MOB_998325_998330_IS186_-1,sv,0.961397,1.00E-04,120,-1,0.857143,118,0.9,0.5,PASS,0,0,0,0,0,0,0,0,0,0,0,0,0,0.027027027,0,0,0,0,0,0,0,0,0,0,0,0,0,0,0,0,0,0,0,0,0,0,0,0,0,0,0,0,0,0.046511628,0.3125,0.863636364,0.861111111,0.844444444,0.696969697,0.8,0.833333333,0.666666667,0.927272727,1,0.939393939,0.936708861,1,1,0.984615385,1,1,1,1,0.972222222,1,1,0.926829268,0.977777778,0.95,1,0.979591837,0.985294118,0.990566038,1,1,0.979166667,0.986842105,1,1,0.993939394,1,0.972972973,1,1,0.979591837,0.982142857,1,1,1,1,0.96,0.989247312,1,0.982142857,1,1,1,0.97826087,0.990566038,1,1,0.990654206,1,0.980392157,1,1,0.983606557,1,0.958333333,0.985074627,1,1,0.98489426,0.985365854,1,0.989130435,0.966101695,1,1,0.986666667,0.984126984
1055618,appC,indel;+11;+5;+ACCTGC,indel,0.987554,1.00E-04,120,-1,0.4,118,0.9,0.545455,PASS,0.023584906,0,0,0,0.125,0.775,0.846153846,0.833333333,0.989583333,1,1,1,0.95,1,1,1,1,1,1,1,1,1,1,1,1,1,1,1,1,1,1,1,1,1,1,1,1,1,1,1,1,1,1,1,1,1,1,1,1,1,1,1,1,1,1,1,1,1,1,1,1,1,1,1,1,1,1,1,1,1,1,1,1,1,1,1,1,1,1,1,1,1,0.976190476,1,1,1,1,1,1,1,1,1,1,1,1,1,1,1,1,1,1,1,1,1,1,1,1,1,1,1,1,1,1,0.992907801,1,1,0.973684211,1,1,1,1
1069686,yccM,G->A,noncoding,2.98999,0.00019998,120,-1,0.6,117,0.9,0.923077,PASS,0,0,0,0,0,0,0,0,0,0,0,0,0,0,0,0,0,0,0,0,0,0,0,0,0,0,0,0,0,0,0,0,0,0,0,0,0,0,0,0,0,0,0,0,0,0,0,0,0,0,0,0,0,0,0,0.027027027,0.153846154,0.3125,0.5,0.642857143,0.823529412,0.575,0.444444444,0.333333333,0.473684211,0.714285714,0.3125,0.246376812,0.166666667,0.294117647,0.041666667,0.260869565,0.127659574,0.108108108,0,0.090909091,0,0,0,0,0,0,0,0,0,0,0,0,0,0,0,0,0,0,0,0,0,0,0,0,0,0,0,0,0,0,0,0,0,0,0,0,0,0,0,0,0,0,0.018518519,0,0
1075802,torA,indel;+7;+GATTGCCG,indel,0.975206,1.00E-04,120,-1,0.038835,117,0.9,0.113208,PASS,0.01352265,0,0,0,0,0,0,0,0.013089005,0.031746032,0,0.03030303,0,0.071428571,0.1,0,0,0.024390244,0,0,0.016260163,0,0.034482759,0,0.076923077,0,0.046511628,0,0.057142857,0,0.06557377,0,0,0,0,0,0,0,0,0,0,0,0,0,0.071428571,0,0.081632653,0,0,0,0,0,0,0.1,0,0.058823529,0,0,0,0.035087719,0.058823529,0.038461538,0,0,0.051282051,0.1,0,0.034482759,0,0.060606061,0.059701493,0.655737705,0.828571429,0.745098039,0.941176471,0.909090909,0.96969697,1,1,1,0.928571429,0.944444444,0.96,1,1,1,1,0.944444444,1,1,0.9375,1,0.941176471,1,1,1,1,1,1,1,1,1,1,1,1,1,1,1,1,0.981481481,1,1,1,1,1,0.98,1,1,1,1,1
1091379,putA,T->G,missense,2.11425,1.00E-04,120,-1,1,117,0.9,0.324324,PASS,0,0,0,0,0,0,0,0,0,0,0,0,0,0,0,0,0,0,0,0,0,0,0,0,0,0,0,0,0,0,0,0,0,0,0,0,0,0,0,0,0,0,0,0.095238095,0.233333333,0.083333333,0.133333333,0.210526316,0.403508772,0.148148148,0.357142857,0.181818182,0.258064516,0.1,0.1,0.026315789,0,0,0,0,0,0,0,0,0,0,0,0,0,0,0,0,0,0,0,0,0,0,0,0,0.038461538,0.071428571,0,0,0.1875,0.115384615,0,0,0.192307692,0.222222222,0.052631579,0,0,0,0,0,0,0,0,0,0,0,0,0,0,0,0,0,0,0,0,0,0,0,0,0,0,0,0,0,0
1118123,intergenic,MOB_1118123_1118130_IS1_1,sv,2.63705,1.00E-04,120,-1,1,111,0.9,0.8,PASS,0,0,0,0,0,0,0,0,0,0,0,0,0,0,0,0,0,0,0,0,0,0,0.0625,0,0,0,0,0,0,0,0,0,0,0,0,0,0,0,0,0,0.4,0.206896552,0.05,0.451923077,0.476190476,0.142857143,0.181818182,0.214285714,0.363636364,0.34375,0.5,0.2,0.266666667,0.375,0.181818182,0.088235294,0,0,0,0,0,0,0,0,0,0,0,0,0,0,0,0,0,0,0,0,0,0,0,0,0,0,0,0,0,0,0,0,0,0,0,0,0,0,0,0,0,0,0,0,0,0,0,0,0,0,0,0,0,0,0,0,0,0,0,0,0,0,0,0,0
1145690,flgB,indel;C;-1,indel,0.991128,1.00E-04,120,-1,0.75,116,0.9,0.521739,PASS,0,0,0,0,0.125,0.52173913,0.833333333,1,1,1,1,1,1,1,1,1,1,0.965517241,1,1,1,1,1,1,1,1,1,1,1,1,1,1,1,1,1,1,1,1,1,1,1,1,1,1,1,1,1,1,1,1,1,1,1,1,1,1,1,1,1,1,1,1,1,1,1,1,1,1,1,1,1,1,1,1,1,1,1,1,1,1,1,1,1,1,1,1,1,1,1,1,1,1,1,1,1,1,1,1,1,1,1,1,1,1,1,1,1,1,1,1,1,1,1,1,1,1,1,1,1,1,1
1161441,yceD,A->C,missense,5.39653,0.00069993,120,-1,0.857143,118,0.9,0.218182,PASS,0,0,0,0,0,0,0,0,0,0,0,0,0,0,0,0,0,0,0,0,0,0,0,0,0,0,0,0,0,0,0,0,0,0,0,0,0,0,0,0,0,0,0,0,0,0,0,0,0,0,0,0,0,0,0,0,0,0,0,0,0,0,0,0,0,0,0,0,0,0,0,0,0,0,0,0,0,0,0,0,0,0,0,0,0.047619048,0.142857143,0.285714286,0,0.129032258,0.04,0,0,0,0,0,0,0,0,0,0,0,0,0,0,0,0,0,0,0,0,0,0,0,0,0,0,0,0,0,0,0
1209333,ymfB,C->T,missense,3.13974,0.00509949,120,-1,1,117,0.9,0.923077,PASS,0,0,0,0,0,0,0,0,0,0,0,0,0,0,0,0,0,0,0,0,0,0,0,0,0,0,0,0,0,0,0,0,0,0,0,0,0,0,0,0,0,0,0,0,0,0,0.05,0,0,0,0,0,0,0,0,0,0,0,0,0,0,0,0,0,0,0,0,0,0,0.033333333,0.590909091,0.2,0.058823529,0.041666667,0.117647059,0.045454545,0.066666667,0,0.142857143,0,0.045454545,0,0,0,0,0,0.133333333,0.1,0,0,0,0,0,0,0,0,0,0,0,0,0,0,0,0,0,0,0,0,0,0,0,0,0,0,0,0,0,0,0,0,0
1272573,chaC,A->C,noncoding,3.87546,0.00669933,120,-1,0.6,118,0.9,0.342857,PASS,0,0,0,0,0,0,0,0,0,0,0,0,0,0,0,0,0,0,0,0,0,0,0,0,0,0,0,0,0,0,0,0,0,0,0,0,0,0,0,0,0,0,0,0,0,0,0,0,0,0,0.052631579,0.2,0.28,0.142857143,0.111111111,0.05,0.235294118,0.238095238,0.04,0.051282051,0,0,0,0,0,0,0,0,0,0,0,0,0,0,0,0,0,0,0,0,0,0,0,0,0,0,0,0,0,0,0,0,0,0,0,0,0,0,0,0,0,0,0,0,0,0,0,0,0,0,0,0,0,0,0,0,0,0,0,0,0
1289379,ychK,junction_1289379_1_IS1_start,sv,4.93757,0.00209979,120,-1,0.48,117,0.9,0.235294,PASS,0,0,0,0,0,0,0,0,0,0,0,0,0,0,0,0,0,0,0,0,0,0,0,0,0,0,0,0,0,0,0,0,0,0,0,0.057838314,0,0,0,0.172221023,0,0.221052698,0.234636321,0,0,0,0,0,0,0,0,0,0,0,0,0,0,0,0,0,0,0,0,0,0,0,0,0,0,0,0,0,0,0,0,0,0,0,0,0,0,0,0,0,0,0,0,0,0,0,0,0,0,0,0,0,0,0,0,0,0,0,0,0,0,0,0,0,0,0,0,0,0,0,0,0,0,0,0,0,0
1328169,sohB,T->G,missense,6.40052,1.00E-04,120,-1,0.923077,117,0.9,0.571429,PASS,0,0,0,0,0,0,0,0,0,0,0,0,0,0,0,0,0,0,0,0,0,0,0,0,0,0,0,0,0,0,0,0,0,0,0,0,0,0,0,0,0,0,0,0,0,0,0,0,0,0,0,0,0,0,0,0,0,0,0,0,0,0,0,0,0,0,0,0,0,0,0,0,0,0,0,0,0,0,0,0,0,0,0,0,0,0.1875,0.2,0.285714286,0.15,0,0,0,0,0,0.024390244,0,0,0,0,0,0,0,0,0,0,0,0,0,0,0,0,0,0,0,0,0,0,0,0,0,0
1340070,yciM,indel;-11,indel,4.16173,0.00459954,120,-1,0.0670391,118,0.9,0.375,PASS,0,0,0,0,0,0,0,0,0,0,0,0,0,0,0,0,0,0,0,0,0,0,0,0,0,0,0,0,0,0,0,0,0,0,0,0,0,0,0,0,0,0,0,0,0,0,0,0,0,0,0,0,0,0,0,0,0,0,0,0,0,0,0,0,0,0,0,0,0,0,0,0,0,0,0,0,0,0,0,0,0,0,0,0,0,0,0,0,0,0,0,0,0,0,0,0,0,0,0,0,0,0,0,0,0,0,0,0,0,0,0,0,0,0,0,0,0,0.014492754,0.097222222,0.176870748,0.451612903
1345569,rnb,indel;+8;+ATATCGACA,indel,0.942997,1.00E-04,120,-1,0.0223048,118,0.9,0.857143,PASS,0.056657224,0.114285714,0.071428571,0,0,0.109090909,0,0.0625,0.042553191,0.12195122,0.156862745,0.113207547,0.16,0.045977011,0.166666667,0,0,0.052631579,0.117647059,0.090909091,0.14084507,0.095238095,0,0.066666667,0.029850746,0.058823529,0.033333333,0.15625,0.326530612,0.545454545,0.836363636,0.807692308,0.962962963,1,0.941176471,0.980392157,1,1,0.988235294,1,1,0.980392157,1,0.99378882,0.980392157,1,1,1,1,1,1,1,1,1,1,0.962025316,1,1,1,0.987341772,1,1,1,1,1,1,1,1,1,1,1,1,1,0.981818182,1,0.952380952,1,1,0.96969697,0.992481203,1,1,0.980392157,1,1,1,1,0.978723404,1,1,1,0.981481481,0.972972973,0.979591837,1,1,0.956521739,1,0.99047619,1,1,1,0.980392157,1,1,0.888888889,0.985507246,1,1,1,1,0.973451327,1,0.99009901,1,0.981132075,0.987654321,1,0.992805755,0.994219653,1
1391825,mppA,MOB_1391825_1391831_IS186_1,sv,3.63997,0.00019998,120,-1,0.75,117,0.9,0.48,PASS,0.004444444,0,0,0,0,0,0,0.117647059,0.427419355,0.866666667,0.795454545,0.1,0,0,0.032258065,0,0,0,0,0,0,0,0,0,0,0,0,0,0.018867925,0,0,0,0,0,0,0,0,0.064516129,0,0.0625,0,0,0,0.108333333,0.285714286,0,0,0,0,0,0,0,0,0,0,0,0.04,0,0.052631579,0,0,0,0,0,0,0,0,0,0,0,0,0,0,0,0,0,0,0,0,0,0,0,0,0.045454545,0,0,0,0,0,0,0,0,0,0,0,0,0,0,0.023529412,0.028571429,0,0,0,0,0.045454545,0,0,0,0,0,0,0,0.003937008,0,0,0,0,0.005235602,0,0,0
1427646,ompN,G->A,missense,4.34393,0.00289971,120,-1,0.148148,118,0.9,0.266667,PASS,0,0,0,0,0,0,0,0,0,0,0,0,0,0,0,0,0,0,0,0,0,0,0,0,0,0,0,0,0,0,0,0,0,0,0,0,0,0,0,0,0,0,0,0,0,0,0,0,0,0,0,0,0,0,0,0,0,0,0,0,0,0,0,0,0.045454545,0.142857143,0,0.020833333,0.111111111,0.157894737,0.041666667,0,0,0,0,0,0,0,0,0,0,0,0,0,0,0,0,0,0,0,0,0,0,0,0,0,0,0,0,0,0,0,0,0,0,0,0,0,0,0,0,0,0,0,0,0,0,0,0,0,0
1462251,hokB,MOB_1462251_1462253_IS150_1,sv,1.32104,1.00E-04,120,-1,0.8,118,0.9,0.8,PASS,0,0,0,0,0,0.070175439,0,0,0.009852217,0,0,0,0,0.012195122,0.039215686,0,0,0.016949153,0.03125,0.020833333,0,0,0.014925373,0.015873016,0.065217391,0,0.012820513,0.028985507,0,0,0,0,0,0,0,0,0.060606061,0,0.02739726,0.038461538,0,0,0.024390244,0.03968254,0.013333333,0,0,0,0,0.035714286,0,0,0,0,0,0,0,0.037037037,0.018181818,0.025,0.009345794,0.076923077,0.076923077,0,0,0,0,0.014285714,0.033333333,0,0,0,0,0,0,0.081081081,0.016129032,0,0,0.026785714,0,0,0,0.045454545,0,0,0.057142857,0.142857143,0.069767442,0.033333333,0.058823529,0,0.027027027,0,0.037037037,0.323529412,0.46,0.515151515,0.885714286,0.911764706,0.911764706,1,1,1,1,1,1,1,1,1,1,1,1,1,1,1,1,1,1,1,1
1624007,ECB_01540,indel;A;+A;G;T+A;+AA;-1,indel,1.08569,1.00E-04,120,-1,0.131868,117,0.9,0.4,PASS,0,0.041666667,0,0,0,0,0,0,0,0,0,0,0,0,0,0,0,0,0,0,0,0,0,0,0,0,0,0,0,0,0,0,0,0,0,0,0,0,0,0,0,0,0,0,0,0,0,0,0.022222222,0,0.083333333,0,0,0,0,0,0,0,0,0,0,0,0,0,0,0,0,0,0,0,0,0,0,0,0,0.142857143,0.818181818,0.95,0.857142857,0.888888889,0.958333333,0.954545455,0.88,1,0.88372093,0.952380952,0.916666667,1,0.962962963,1,1,0.928571429,1,0.827586207,0.952380952,0.882352941,0.958333333,0.916666667,0.959183673,0.943396226,0.863636364,0.96,1,0.964285714,1,0.95,0.971428571,0.942307692,1,0.925373134,0.923076923,0.867924528,0.957831325,0.923076923,0.962962963,0.956521739,0.964285714,0.945578231,0.947368421,0.948051948,0.894736842
1629261,intergenic,MOB_1629261_1629269_IS1_1,sv,1.84235,0.00019998,120,-1,0.571429,118,0.9,0.75,PASS,0,0,0,0,0,0,0,0,0,0,0,0,0,0,0,0,0,0,0,0,0,0,0,0,0,0,0,0,0,0,0,0,0,0,0,0,0,0,0,0,0,0,0,0,0,0,0,0,0,0,0,0,0,0,0,0,0,0,0,0,0,0,0,0,0,0,0,0,0,0,0,0,0,0,0,0,0,0,0,0,0,0,0,0,0,0,0,0,0,0,0,0,0,0.03944558,0,0,0.026994851,0.052975726,0.030845917,0,0,0,0,0.028262341,0.133779264,0.194860556,0.357804286,0.410958,0.767645485,0.770764788,1,0.83974359,0.954345955,0.968700418,0.910497429,0.959140082,0.98561997,0.965409154,0.95714889,0.994068688,0.98139356
1633387,speG,indel;-6,indel,0.989904,1.00E-04,120,-1,0.857143,118,0.9,0.545455,PASS,0,0,0,0,0,0,0,0,0,0,0,0,0,0.736842105,0.962962963,1,1,1,1,1,1,1,1,1,1,1,1,1,1,0.981818182,1,1,1,1,1,1,1,1,1,1,1,1,1,1,1,1,1,1,1,1,1,1,1,1,1,1,1,1,1,1,1,1,1,1,1,1,1,1,1,1,1,1,1,1,1,1,1,1,1,1,1,1,1,1,1,1,1,1,1,1,1,1,1,1,1,1,1,1,1,1,1,1,1,1,1,0.973684211,1,1,1,0.990291262,1,0.988095238,0.995348837,1,1,0.988095238,1,1,1,0.983333333,1
1734106,pykF,G->C,missense,0.984634,1.00E-04,120,-1,0.6,118,0.9,0.666667,PASS,0,0.777777778,1,1,1,1,1,1,1,1,1,1,1,1,1,1,1,1,1,1,1,1,1,1,1,1,1,1,1,1,1,1,1,1,1,1,1,1,1,1,1,1,1,1,1,1,1,1,1,1,1,1,1,1,1,1,1,1,1,1,1,1,1,1,1,1,1,1,1,1,1,1,1,1,1,1,1,1,1,1,1,1,1,1,1,1,1,1,1,1,1,1,1,1,1,1,1,1,1,1,1,1,1,1,1,1,1,1,1,1,1,1,1,1,1,1,1,1,1,1,1
1734207,pykF,G->A,missense,4.53876,0.0009999,120,-1,0.444444,118,0.9,0.705882,PASS,0,0,0,0,0,0,0,0.470588235,0.233009709,0.113636364,0.076923077,0,0,0,0,0,0,0,0,0,0,0,0,0,0,0,0,0,0,0,0,0,0,0,0,0,0,0,0.023255814,0,0,0,0,0,0,0,0,0,0,0,0,0,0,0,0,0,0,0,0,0,0,0,0,0,0,0,0,0,0,0,0.023255814,0,0,0,0,0,0,0,0,0,0,0,0,0,0,0,0,0,0,0,0,0,0,0,0,0,0,0,0,0,0,0,0,0,0,0,0,0,0,0,0,0.010989011,0,0,0.048780488,0,0,0,0,0,0
1756846,ydiQ,C->T,noncoding,0.965012,1.00E-04,120,-1,0.1875,118,0.9,0.75,PASS,0,0,0,0,0,0,0,0,0,0,0,0,0,0,0.034482759,0,0,0,0,0,0,0,0,0,0,0,0,0,0,0,0,0,0,0,0,0,0,0,0,0,0,0,0,0.025641026,0.444444444,0.523809524,0.916666667,0.772727273,0.682926829,0.714285714,0.416666667,0.777777778,0.84375,0.666666667,1,0.921052632,1,1,1,1,1,1,1,1,1,1,1,1,1,1,1,1,1,1,1,1,1,1,1,1,1,1,1,1,1,1,1,1,1,1,1,1,1,1,1,1,1,1,1,0.972972973,1,1,1,1,1,1,0.967741935,1,1,1,1,1,1,1,1,1,1,1,1,0.989361702,1
1776434,intergenic,MOB_1776434_1776437_IS150_1,sv,3.87659,0.00029997,120,-1,0.705882,116,0.9,0.387097,PASS,0,0,0,0,0,0,0,0,0,0,0,0,0,0,0,0,0,0,0,0,0,0,0,0,0,0,0,0,0,0,0,0,0,0,0,0,0,0,0,0,0,0,0,0,0,0,0,0,0,0,0,0,0,0,0,0,0,0,0,0,0,0,0,0,0,0,0,0,0,0.021406183,0,0.187990313,0.093611348,0.219872946,0.230769231,0,0,0,0,0,0,0,0,0,0.023140323,0,0,0,0,0,0,0.015709859,0,0,0.057526074,0.029498525,0.02796351,0,0,0,0,0,0,0,0.030395137,0,0,0,0,0,0,0,0,0,0,0,0,0,0,0,0
1785238,yniA,G->A,missense,3.71248,0.00669933,120,-1,0.307692,117,0.9,0.631579,PASS,0,0,0,0,0,0,0,0,0,0,0,0,0,0,0,0,0,0,0,0,0,0,0,0,0,0,0,0,0,0,0,0,0,0,0,0,0,0,0,0,0,0,0,0,0.043478261,0,0,0,0,0,0,0,0,0,0,0,0,0,0,0,0,0,0,0,0,0,0,0,0,0,0,0.135135135,0.085714286,0.068965517,0,0.068965517,0,0,0,0,0,0,0,0,0,0,0,0,0,0,0,0,0,0,0,0,0,0,0,0,0,0,0,0,0,0,0,0,0,0,0,0,0,0,0,0,0,0,0,0,0
1787448,ydjM,A->G,noncoding,3.17853,0.00049995,120,-1,0.413793,118,0.9,0.545455,PASS,0,0,0,0,0,0,0,0,0,0,0,0,0,0,0,0,0,0,0,0,0,0,0,0,0,0,0,0,0,0,0,0,0,0,0,0,0,0,0,0,0,0,0,0,0,0,0,0,0,0,0,0,0,0,0,0,0,0,0,0,0,0,0,0,0,0,0,0,0,0,0,0,0,0,0,0,0,0,0,0,0,0,0,0,0,0,0,0,0,0,0,0,0,0,0,0,0,0,0,0,0,0,0,0,0,0,0,0,0,0,0.047619048,0,0,0,0,0.043010753,0.055555556,0.12254902,0.324324324,0.310077519,0.617647059
1788274,ydjN,C->T,nonsense,3.96918,0.00139986,120,-1,0.545455,118,0.9,0.545455,PASS,0,0,0,0,0,0,0,0,0,0,0,0,0,0,0,0,0,0,0,0,0,0,0,0,0,0,0,0,0,0,0,0,0,0,0,0,0,0,0,0,0,0,0,0,0,0,0,0,0,0,0,0,0,0,0,0,0,0,0,0,0.031746032,0,0,0,0.045454545,0,0.107142857,0.107843137,0.14,0,0,0,0,0,0,0,0,0,0,0,0,0,0,0,0,0,0,0,0,0,0,0,0,0,0,0,0,0,0,0,0,0,0,0,0,0,0,0,0,0,0,0,0,0,0,0,0,0,0,0.013513514,0
1808045,astC,A->C,synonymous,3.50752,1.00E-04,120,-1,0.110092,117,0.9,0.190476,PASS,0,0,0,0,0,0,0,0,0,0,0,0,0,0,0,0,0,0,0,0,0,0,0,0,0,0,0,0,0,0,0,0,0,0,0,0,0,0,0,0,0,0,0,0,0,0,0,0,0,0,0,0,0,0,0,0,0,0,0,0,0,0.032258065,0,0.125,0.117647059,0.125,0.285714286,0.5,0.4375,0.807692308,0.92,0.153846154,0.025,0.24,0.166666667,0.08,0,0.105263158,0,0,0.043478261,0,0,0,0,0,0,0,0,0.1,0,0,0.0625,0,0,0,0,0,0,0,0,0,0,0,0,0,0,0,0,0,0,0,0,0,0,0,0,0,0,0,0
1875544,sdaA,MOB_1875544_1875549_IS186_1,sv,2.44569,0.015996,120,-1,0.8,118,0.9,0.705882,PASS,0,0,0,0,0,0,0,0,0.004081633,0.010416667,0.013333333,0,0,0,0,0,0,0,0.035714286,0,0,0,0,0.008695652,0,0,0,0.027522936,0,0,0,0,0,0,0,0,0,0,0,0,0,0,0,0,0,0,0,0,0,0,0,0.038461538,0,0,0,0,0,0,0,0,0,0,0,0.035714286,0,0,0,0,0,0,0,0,0,0,0,0,0,0,0,0,0,0,0,0.071428571,0,0,0.038461538,0.217391304,0,0,0,0,0,0,0,0,0,0,0,0,0,0.020979021,0,0,0,0,0,0,0,0,0,0,0,0,0,0,0,0.002202643,0,0,0
1910725,eda,A->C,missense,3.67506,0.00229977,120,-1,0.114286,118,0.9,0.039604,PASS,0,0,0,0,0,0,0,0,0,0,0,0,0,0,0,0,0,0,0,0,0,0,0,0,0,0,0,0,0,0,0,0,0,0,0,0,0,0,0,0,0,0,0,0,0,0,0,0,0,0,0,0,0,0,0,0,0,0,0,0,0,0,0,0,0,0,0,0,0,0,0,0,0,0,0,0,0,0,0,0,0,0,0,0,0,0,0,0,0,0,0,0,0,0,0,0,0,0,0.018181818,0,0,0,0,0,0,0,0,0,0,0,0,0,0,0,0,0.029850746,0,0.08125,0.204081633,0.386666667,0.545454545
1916072,yebK,MOB_1916072_1916080_IS1_1,sv,2.3721,0.00039996,120,-1,0.666667,118,0.9,0.137931,PASS,0,0,0,0,0,0,0,0,0,0,0,0,0,0,0,0,0,0,0,0,0,0,0,0,0,0,0,0,0,0,0,0,0,0,0,0,0,0,0,0,0,0,0,0,0,0,0,0,0,0,0,0,0,0,0,0,0,0,0,0,0,0,0,0,0,0,0,0,0,0,0,0,0,0,0,0,0,0,0,0,0,0,0,0,0,0,0,0,0,0,0,0,0,0,0,0,0,0,0,0,0,0,0,0,0,0,0,0,0,0,0,0.010638298,0.044728435,0.088235294,0.357142857,0.157894737,0.369230769,0.255102041,0.12345679,0.106870229,0.08
1916776,pykA,MOB_1916776_1916784_IS1_-1,sv,3.15,1.00E-04,120,-1,0.27907,116,0.9,0.75,PASS,0,0,0,0,0,0,0,0,0,0,0,0,0,0,0,0,0,0,0,0,0,0,0,0,0,0,0,0,0,0,0,0,0,0,0,0,0,0,0,0,0,0,0,0,0,0,0,0,0,0,0,0,0,0,0,0,0,0,0.195121951,0.139534884,0.049586777,0.023255814,0.090909091,0.21875,0.102040816,0.142857143,0.25,0.532608696,0.571428571,0.781818182,0.872340426,0.225806452,0.093023256,0.171428571,0.156862745,0.127272727,0.026666667,0,0.078947368,0.009009009,0.06122449,0.057142857,0.1,0,0,0,0,0.055555556,0,0,0,0.024691358,0,0,0,0,0,0,0,0,0,0,0,0,0,0,0,0,0,0,0,0,0,0,0,0,0,0,0,0,0
1919470,yebA,T->G,missense,5.48722,0.00139986,120,-1,0.857143,117,0.9,0.387097,PASS,0,0,0,0,0,0,0,0,0,0,0,0,0,0,0,0,0,0,0,0,0,0,0,0,0,0,0,0,0,0,0,0,0,0,0,0,0,0,0,0,0,0,0,0,0,0,0,0.057142857,0.155555556,0.214285714,0,0,0,0,0,0,0,0,0,0,0,0,0,0,0,0,0,0,0,0,0,0,0,0,0,0,0,0,0,0,0,0,0,0,0,0,0,0,0,0,0,0,0,0,0,0,0,0,0,0,0,0,0,0,0,0,0,0,0,0,0,0,0,0,0,0,0,0,0,0,0
1956353,flhC,A->C,missense,4.82734,0.00019998,120,-1,0.705882,118,0.9,0.8,PASS,0,0,0,0,0,0,0,0,0,0,0,0,0,0,0,0,0,0,0,0,0,0,0,0,0,0,0,0,0,0,0,0,0,0,0,0,0,0,0,0,0,0,0,0,0,0,0,0,0,0,0,0,0,0,0,0,0,0,0,0,0,0,0,0,0,0,0,0,0,0,0,0,0,0,0,0,0,0,0,0,0,0,0,0,0,0,0,0,0,0,0,0,0,0.045454545,0.166666667,0.333333333,0.205882353,0.125,0.074074074,0,0,0,0,0,0,0,0,0,0,0,0,0,0,0,0,0,0,0,0,0,0
2016323,yeeF,MOB_2016323_2016326_IS3_1,sv,3.76563,1.00E-04,120,-1,0.0794702,118,0.9,0.307692,PASS,0,0,0,0,0,0,0,0,0.005094244,0,0,0,0,0,0,0,0,0,0,0,0,0,0,0,0,0,0,0,0,0,0,0,0,0,0,0,0,0,0,0,0,0,0,0,0,0,0,0,0,0,0,0,0,0,0,0,0,0,0,0,0,0,0,0,0,0.062695925,0.182232346,0.527728086,0.43348281,0.65026362,0.842105263,0.155709343,0.072388831,0.057670127,0,0.083682008,0.010683761,0,0.065502183,0,0.102459016,0,0.026385224,0,0,0,0,0,0,0,0,0,0,0,0,0,0,0,0,0,0,0,0,0,0,0,0,0,0,0,0,0,0,0,0,0,0,0,0,0,0
2016830,yeeF,C->A,nonsense,1.0329,1.00E-04,120,-1,0.0384615,118,0.9,0.0685714,PASS,0,0,0,0,0,0.014285714,0,0,0,0,0,0,0,0.025641026,0,0,0,0,0,0,0,0,0,0,0,0,0,0,0,0,0,0,0,0,0,0,0,0,0,0,0,0,0,0,0,0,0,0,0,0,0,0,0,0,0,0,0,0,0,0,0.037735849,0.027027027,0.4375,0.523809524,0.147058824,0.153846154,0,0.066666667,0.297297297,0.041666667,0.03030303,0.555555556,0.8125,0.840909091,0.944444444,0.909090909,1,1,1,0.9875,1,0.947368421,1,1,1,0.966666667,0.947368421,1,1,0.8,1,1,1,1,1,1,1,1,1,1,1,1,1,1,1,1,1,1,1,1,1,1,1,1,1,1,1,1,1,1,1
2017048,yeeF,G->T,missense,2.56599,1.00E-04,120,-1,1,118,0.9,0.352941,PASS,0,0,0,0,0,0,0,0,0,0,0,0,0,0,0,0,0,0,0,0,0,0,0,0,0,0,0,0,0,0,0,0,0,0,0,0,0,0,0,0.043478261,0,0.216216216,0.045454545,0.382022472,0.233333333,0.25,0.25,0.184210526,0.288461538,0.294117647,0.526315789,0.222222222,0.32,0.230769231,0.133333333,0.048780488,0,0,0,0,0,0,0,0,0,0,0,0,0,0,0,0,0,0,0,0,0,0,0,0,0,0,0,0,0,0,0,0,0,0,0,0,0,0,0,0,0,0,0,0,0,0,0,0,0,0,0,0,0,0,0,0,0,0,0,0,0,0,0,0,0
2017351,yeeF,G->A,missense,0.990209,1.00E-04,120,-1,0.113208,118,0.9,0.666667,PASS,0,0,0,0,0,0,0,0,0,0,0,0,0,0,0,0,0,0,0,0,0,0.035714286,0,0,0,0,0,0.021276596,0,0,0,0,0,0,0,0,0,0,0,0,0,0,0,0,0,0,0,0,0,0,0,0,0,0,0,0.05,0.266666667,0.090909091,0.172413793,0.27027027,0.169811321,0.121212121,0.444444444,0.210526316,0.222222222,0,0.043478261,0.152777778,0.137931034,0.029411765,0.083333333,0.419354839,0.605263158,0.794871795,0.666666667,0.913043478,0.957446809,0.965517241,1,0.985074627,1,0.896551724,1,1,0.973684211,0.954545455,1,0.952380952,0.965517241,1,1,0.979166667,1,1,0.974358974,1,1,1,1,1,1,1,1,1,1,1,1,1,1,1,1,1,1,0.983193277,1,1,1,1,1,1,1
2037724,wzy,junction_2037724_-1_IS1_start,sv,0.996646,1.00E-04,120,-1,0.857143,115,0.9,0.923077,PASS,0,0,0,0,0,0,0,0,0,0,0,0,0,0,0,0.6,1,1,1,1,1,1,1,1,1,1,1,1,1,1,1,1,1,1,1,1,1,1,1,1,1,1,1,1,1,1,1,1,1,1,1,1,1,1,1,1,1,1,1,1,1,1,1,1,1,1,1,1,1,1,1,1,1,1,1,1,1,1,1,1,1,1,1,1,1,1,1,1,1,1,1,1,1,1,1,1,1,1,1,1,1,1,1,1,1,1,1,1,1,1,1,1,1,1,1,1,1,1,1,1,1
2080661,alkA,A->T,synonymous,3.55511,0.00079992,120,-1,0.285714,118,0.9,0.5,PASS,0,0,0,0,0,0,0,0,0,0,0,0,0,0,0,0,0,0,0,0,0,0,0,0,0,0,0,0,0,0,0,0,0,0,0,0,0,0,0,0,0,0,0,0,0,0,0,0,0,0,0,0,0,0,0,0,0,0,0,0,0,0,0,0,0,0,0,0,0,0,0,0,0,0,0,0,0,0,0,0,0,0,0,0,0,0,0,0,0,0,0,0,0,0,0,0,0,0,0,0,0.025641026,0.016129032,0.045454545,0,0.166666667,0,0.28125,0.16,0.176470588,0.08,0,0,0,0,0,0,0,0,0,0,0
2100307,intergenic,junction_2100307_-1_2122454_1,sv,0.949467,1.00E-04,120,-1,0.4,112,0.9,0.666667,PASS,0,0,0,0,0,0,0,0,0.010526316,0.0456621,0.033222591,0,0,0,0,0,0.027855153,0,0.037593985,0,0,0,0.017391304,0.04398827,0.09478673,0.274725275,0.152801358,0.150943396,0.131332083,0.140252454,0.123266564,0.18922853,0.125628141,0.237226277,0.765957447,0.955555556,0.859375,0.979899497,0.966386555,1,0.795454545,0.872483221,0.717948718,1,1,1,1,1,1,1,1,1,1,1,1,1,1,1,1,1,1,1,1,1,1,1,1,1,1,1,1,1,1,1,1,1,1,1,1,1,1,1,1,1,1,1,1,1,1,1,1,1,1,1,1,1,1,1,1,1,1,1,1,1,1,1,1,1,1,1,1,1,1,1,1,1,1,1,1,1,1
2131393,gatY,T->C,noncoding,4.44601,1.00E-04,120,-1,0.857143,115,0.9,0.923077,PASS,0,0,0,0,0,0,0,0,0,0,0,0,0,0,0,0,0,0,0,0,0,0,0,0,0,0,0,0,0,0,0,0,0,0,0,0,0,0,0,0,0,0,0,0,0,0,0,0,0,0,0,0,0,0,0,0,0,0,0,0,0,0,0,0,0,0,0,0,0,0,0,0,0,0,0,0,0,0,0,0,0,0,0,0,0,0,0,0,0,0,0,0.272727273,0.388888889,0.333333333,0.315789474,0.117647059,0.266666667,0.055555556,0.022727273,0,0,0,0,0,0,0,0,0,0,0,0,0,0,0,0,0,0,0,0,0,0
2142882,ECB_02039,indel;-7,indel,2.62891,0.00819918,120,-1,0.75,119,0.9,1,PASS,0,0,0,0,0,0,0,0,0,0,0,0,0,0,0,0,0,0,0,0,0,0,0,0,0,0,0,0,0,0,0,0,0,0,0,0,0,0,0,0,0,0,0,0,0,0,0,0,0,0,0,0,0,0,0,0,0,0,0,0,0.016393443,0.075949367,0,0.102564103,0.05,0.242424242,0.04,0.068571429,0,0,0,0.08,0.142857143,0.069767442,0,0.054054054,0,0,0,0,0,0,0,0,0,0,0,0,0,0,0,0,0,0,0,0,0,0,0,0,0,0,0,0,0,0,0,0,0,0,0,0,0,0,0,0,0,0,0,0,0
2211829,fruA,T->G,missense,1.97817,1.00E-04,119,-1,0.857143,115,0.9,0.75,PASS,0,0,0,0,0,0,0,0,0,0,0,0,0,0,0,0,0,0,0,0,0,0,0,0,0,0,0,0,0,0,0.034482759,0,0,0,0,0,0,0,0,0,0,0,0,0,0,0,0,0,0,0,0,0,0,0,0,0,0,0,0,0,0,0,0,0,0,0,0,0,0,0,0,0,0,0,0,0,0,0,0,0,0,0,0,0,0,0,0,0,0,0,0,0,0,0,0,0,0,0,0,0,0,0,0,0,0,0.1,0.294117647,0.578947368,0.666666667,0.604651163,1,0.939393939,0.988764045,1,1,1,1,1,1,1,1
2229015,yejF,T->C,missense,1.3526,1.00E-04,120,-1,0.75,118,0.9,0.666667,PASS,0,0,0,0,0,0,0,0,0,0,0,0,0,0,0,0,0,0,0,0,0,0,0,0,0,0,0,0,0,0,0,0,0,0,0,0,0,0,0,0,0,0,0,0,0,0,0,0,0,0,0,0,0,0,0,0,0,0,0,0,0,0,0,0,0,0,0,0,0,0,0,0,0,0,0,0,0,0,0,0,0,0,0,0,0,0,0,0,0.166666667,0.111111111,0.692307692,1,1,1,1,1,1,1,1,1,1,1,1,1,1,1,1,1,1,1,1,1,1,1,0.964285714,1,1,1,1,1,1
2235834,yejM,G->T,missense,4.09588,0.00279972,120,-1,0.342857,118,0.9,0.631579,PASS,0,0,0,0,0,0,0,0,0,0,0,0,0,0,0,0,0,0,0,0,0,0,0,0,0,0,0,0,0,0,0,0,0,0,0,0,0,0,0,0,0,0,0,0,0,0,0,0,0,0,0,0,0,0,0,0,0,0,0,0,0,0,0,0,0,0,0,0,0,0,0,0,0,0,0,0,0,0,0,0,0,0,0,0,0,0,0,0,0,0,0,0,0,0,0,0,0,0,0,0,0,0,0,0.060606061,0.0625,0.136363636,0.282051282,0.258064516,0,0.066666667,0,0,0,0,0,0.022222222,0,0,0,0,0
2267353,atoS,T->C,missense,3.00381,0.00019998,120,-1,0.48,119,0.9,0.923077,PASS,0,0,0,0,0,0,0,0,0,0,0,0,0,0,0,0,0,0,0,0,0,0,0,0,0,0,0,0,0,0,0,0,0,0,0,0,0,0,0,0,0,0,0,0,0,0,0,0,0,0,0,0,0,0,0,0,0,0.03125,0,0,0,0,0,0,0,0,0,0,0,0,0,0.040816327,0,0,0,0,0,0,0,0,0,0,0,0,0,0,0,0,0,0,0,0,0,0,0,0,0,0,0,0,0,0.089552239,0.133333333,0.120689655,0.275862069,0.235294118,0.19047619,0.234375,0.2,0.158415842,0,0,0.005050505,0,0,0,0,0,0,0,0
2322340,menC,MOB_2322340_2322345_IS186_-1,sv,0.887971,1.00E-04,120,-1,1,118,0.9,0.923077,PASS,0,0,0,0.0502745,0,0.056073507,0.130718954,0,0.044300442,0.039525692,0.037209462,0.017574692,0.036630037,0,0.017984258,0,0.039525692,0.033860045,0.078941689,0,0.018358097,0.054198919,0,0,0.055555556,0,0.058465306,0.022046491,0.016509852,0,0.027816412,0.080428954,0,0.024342857,0,0,0.128415451,0.020876827,0,0.091389091,0,0,0.09375,0.122284463,0.29537426,0.212942644,0.278171372,0.307130018,0.314421308,0.222318384,0.4157875,0.268723462,0.107612327,0.578100526,0.227029091,0.04254189,0.046948357,0.050755216,0.416582932,0.099255583,0.148887557,0.172879741,0.883917647,0.825064935,0.357855346,0.468096667,0.61132439,0.659464,0.634963432,0.78762845,0.9145088,0.782121685,0.83464,0.756496945,0.773693878,0.954545455,1,1,1,1,1,0.968478992,0.991392491,1,1,1,1,1,1,1,1,0.987654321,1,0.988065728,1,0.981626134,0.988431193,0.987971831,0.986866723,0.994419355,1,1,1,1,1,1,1,0.989795918,1,1,1,1,1,1,1,0.988457371,1,0.989013708,0.995401192,1,1
2348815,intergenic,A->C,noncoding,0.955148,1.00E-04,120,-1,0.923077,115,0.9,0.0552995,PASS,0,0,0,0,0,0,0,0,0,0,0,0,0,0,0,0,0,0,0,0,0,0,0,0,0,0,0,0,0,0,0,0,0,0,0,0,0,0,0,0,0,0,0,0,0,0,0,0,0,0,0,0,0,0,0,0,0,0,0,0,0.056603774,0.130434783,0.294117647,0.277777778,0.25,0.375,0.258064516,0.146666667,0.166666667,0,0,0.541666667,0.868421053,0.88,0.733333333,0.625,1,1,1,0.983333333,0.965517241,1,0.96875,0.923076923,0.896551724,1,1,1,1,1,0.928571429,1,0.966666667,0.913043478,1,1,1,1,1,1,1,1,1,1,1,1,1,1,1,1,1,1,1,0.990566038,1,1,1,1,1,1,1
2389192,mepA,G->T,missense,3.72643,0.00319968,120,-1,0.705882,118,0.9,0.8,PASS,0,0,0,0,0,0,0,0,0,0,0,0,0,0,0,0,0,0,0,0,0,0,0,0,0,0,0,0,0,0,0,0,0,0,0,0,0,0,0,0,0,0,0,0,0,0,0,0,0,0,0,0,0,0,0,0,0,0,0,0,0,0,0,0,0,0,0,0,0,0,0,0,0,0,0,0,0,0,0,0,0,0,0,0,0,0,0,0,0,0,0,0,0,0,0,0,0,0,0,0,0,0.02,0,0,0,0,0,0,0,0,0,0,0,0,0,0,0,0.048387097,0.159090909,0.228915663,0.344827586
2438822,ypdE,indel;+CGGCAAT,indel,1.08573,1.00E-04,120,-1,1,117,0.9,0.0794702,PASS,0.051706308,0,0.210526316,0,0,0.094043887,0,0.2,0.047393365,0.058939096,0.093023256,0,0,0.031847134,0,0.0625,0.076923077,0.031347962,0.117647059,0.067114094,0.04454343,0.2,0.102564103,0.060606061,0.150753769,0.071428571,0.053333333,0.063492063,0.066889632,0.043478261,0,0.135501355,0,0.174672489,0.042735043,0.08356546,0,0.04784689,0.034013605,0.142857143,0.060606061,0.108108108,0,0,0.051413882,0.136986301,0.0625,0.0456621,0.107758621,0.054347826,0,0,0,0.133333333,0.064516129,0.096385542,0,0.071428571,0.111524164,0.063694268,0.025773196,0.067114094,0.121212121,0.057142857,0.115830116,0,0.342857143,0.455696203,0.438871473,0.634920635,0.9375,0.179640719,0.139275766,0.074349442,0.222222222,0.035842294,0,0,0.307692308,0.044576523,0.12,0.153846154,0.043478261,0,0.056285178,0,0.215827338,0.052910053,0.102564103,0,0,0.053475936,0.044444444,0.065789474,0.087209302,0.195121951,0.047619048,0.039370079,0.02004008,0.095541401,0.087336245,0.045558087,0.060606061,0.234113712,0.118343195,0,0.082304527,0.121580547,0.074074074,0.070521862,0.067114094,0.111420613,0.063868613,0.053304904,0.033444816,0.031746032,0.030769231,0.023419204,0.036429872,0.076433121,0.063694268
2446984,mntH,A->C,noncoding,1.42523,1.00E-04,120,-1,0.375,118,0.9,0.521739,PASS,0,0,0,0,0,0,0,0,0,0,0,0,0,0,0,0,0,0,0,0,0,0,0,0,0,0,0,0,0,0,0,0,0,0,0,0,0,0,0,0,0,0,0,0,0,0,0,0,0,0,0,0,0,0,0,0,0,0,0,0,0,0,0,0,0,0,0,0,0,0,0,0,0,0,0,0,0,0,0,0,0,0,0,0,0,0,0,0,0,0,0,0,0,0,0.035714286,0.172413793,0.2,0.444444444,0.774647887,0.769230769,0.933333333,1,1,1,1,1,1,1,1,0.990291262,1,1,1,0.993548387,1,1,1,1,1,1,1
2448493,intergenic,MOB_2448493_2448498_IS186_-1,sv,0.988476,1.00E-04,120,-1,0.8,119,0.9,0.857143,PASS,0.003521127,0,0,0,0,0.032258065,0.142857143,0,0.016835017,0.010384216,0,0.014492754,0.022727273,0.698630137,0.962962963,1,1,1,1,1,1,1,1,1,1,1,0.983606557,1,1,1,1,1,0.983333333,1,1,0.984615385,1,1,1,1,1,1,1,1,0.984375,1,1,1,1,1,1,1,1,1,1,1,1,1,1,1,1,1,1,1,1,1,1,1,1,1,1,1,1,1,1,1,1,1,1,1,1,1,1,1,0.98245614,1,1,1,1,1,1,1,1,1,1,1,1,1,1,1,1,1,1,0.985074627,1,0.98245614,1,1,1,0.993150685,1,1,1,0.996108949,1,1,1,1,1,1,1
2448493,intergenic,MOB_2448493_2448498_IS186_1,sv,1.77854,0.00579942,15,-4.26281,0.0152866,27,0.9,0.11215,PASS,0,0,0,0,0,0.032310178,0,0.779506667,0.427633296,0.886180021,0.641506,0.087321626,0.045750342,0,0,NA,NA,NA,NA,NA,NA,NA,NA,NA,NA,NA,0.035714286,NA,NA,NA,NA,NA,0,NA,NA,0,NA,NA,NA,NA,NA,NA,NA,NA,0,NA,NA,NA,NA,NA,NA,NA,NA,NA,NA,NA,NA,NA,NA,NA,NA,NA,NA,NA,NA,NA,NA,NA,NA,NA,NA,NA,NA,NA,NA,NA,NA,NA,NA,NA,NA,NA,NA,NA,0.041666667,NA,NA,NA,NA,NA,NA,NA,NA,NA,NA,NA,NA,NA,NA,NA,NA,NA,NA,0.026525199,NA,0,NA,NA,NA,0.014084507,NA,NA,NA,0.006184292,NA,NA,NA,NA,NA,NA,NA
2501542,tktB,indel;A;-1,indel,1.25418,1.00E-04,120,-1,0.705882,115,0.9,0.26087,PASS,0,0,0,0,0,0,0,0,0,0,0,0,0,0,0,0,0,0,0,0,0,0,0,0,0,0,0,0,0,0,0,0,0,0,0,0,0,0,0,0,0,0.04,0,0,0,0,0,0,0,0,0,0,0,0,0,0,0,0,0,0,0,0,0,0,0,0,0,0,0,0,0,0,0,0,0,0,0,0,0,0.035087719,0.291666667,0.823529412,0.80952381,0.75,0.9,1,0.9,0.583333333,0.84,1,1,1,1,0.954545455,1,1,1,1,1,1,1,1,1,1,1,1,1,1,1,1,1,1,1,1,1,1,1,1,1,1,1
2585234,yfhR,C->A,missense,1.01316,1.00E-04,120,-1,0.133333,116,0.9,0.333333,PASS,0,0,0,0,0,0,0,0,0,0,0,0,0,0,0,0,0,0,0,0,0,0,0,0,0,0,0,0,0,0,0,0,0,0,0,0,0,0,0,0,0,0,0,0,0,0,0,0,0,0,0,0,0,0,0,0,0,0,0,0,0,0.214285714,0.133333333,0.333333333,0.35,0.263157895,0.125,0.107692308,0.137931034,0,0,0.594594595,0.8,0.64516129,0.857142857,1,0.931034483,1,1,0.982758621,1,1,1,1,1,0.933333333,1,1,1,1,1,1,1,1,1,1,1,1,1,1,0.96,1,1,1,1,1,1,1,1,1,1,1,1,1,1,0.953488372,1,1,1,1,1
2644187,pssA,A->C,noncoding,4.10495,0.00369963,120,-1,0.193548,118,0.9,0.48,PASS,0,0,0,0,0,0,0,0,0,0,0,0,0,0,0,0,0,0,0,0,0,0,0,0,0,0,0,0,0,0,0,0,0,0,0,0,0,0,0,0,0,0,0,0,0,0,0,0,0,0,0,0,0,0,0,0,0,0,0,0,0,0,0,0,0,0,0,0.023255814,0.04,0,0.021276596,0.052631579,0.155555556,0.227272727,0,0,0,0,0,0,0,0,0,0,0,0,0,0,0,0,0,0,0,0,0,0,0,0,0,0,0,0,0,0,0,0,0,0,0,0,0,0,0,0,0,0,0,0.005,0,0,0
2681638,ECB_02512,MOB_2681638_2681641_IS3_-1,sv,3.20862,1.00E-04,120,-1,0.857143,116,0.9,0.857143,PASS,0,0,0,0,0,0,0,0,0,0,0,0,0,0,0,0,0,0,0,0,0,0,0,0,0,0,0,0,0,0,0,0,0,0,0,0,0,0,0,0,0,0,0,0,0,0,0,0,0,0,0,0,0.021367521,0.214285714,0,0.047021944,0.073529412,0,0.066050198,0.058343057,0.102354145,0.09469697,0.116550117,0.03236246,0.078740157,0.083682008,0.256723716,0.48841578,0.341515475,0.697084918,0.901234568,0.192102455,0.096286107,0.077160494,0.066964286,0.079155673,0.051480051,0,0.212765957,0.021542439,0,0,0,0.020920502,0,0.03649635,0,0.016722408,0,0,0,0.007722008,0,0,0,0,0,0,0,0,0,0,0,0,0,0,0,0,0,0,0,0,0,0,0,0,0,0,0,0,0
2706174,intergenic,MOB_2706174_2706181_IS1_-1,sv,2.13208,1.00E-04,120,-1,0.190476,115,0.9,0.631579,PASS,0,0,0.0498099,0,0,0,0,0.047438,0,0.015612022,0.057236782,0,0.03457934,0,0.037168246,0,0,0.033313712,0,0,0,0,0,0,0,0,0.014477878,0,0.021282393,0,0.015139787,0.0312279,0.047663636,0,0,0.041505792,0,0.028622931,0,0,0,0,0,0.032983775,0.030274012,0.021751048,0.020002189,0,0,0.061234426,0,0,0,0,0.076621385,0,0,0,0,0.046831505,0.033881293,0.024412917,0,0,0.030368232,0,0,0,0,0,0,0,0,0,0,0,0.033877041,0,0,0,0,0,0,0,0.019600551,0.031322233,0,0,0,0,0,0,0.031321258,0,0,0,0.054347799,0.023455374,0.1323043,0.094903252,0.06289305,0.228617789,0.231066077,0.326517716,0.568948829,0.555532342,0.463606679,0.511108055,0.332015556,0.30321904,0.135557065,0.038660463,0.020283976,0.050524621,0,0.044074336,0,0.022062494,0.011914809,0.00730371,0
2706493,emrA,junction_2706493_1_2706797_-1,sv,2.34449,1.00E-04,120,-1,0.75,119,0.9,0.48,PASS,0,0,0,0,0,0,0,0,0,0,0,0,0,0,0,0,0,0,0,0,0,0,0,0,0,0,0,0,0,0,0,0,0,0,0,0,0,0,0,0,0,0,0,0,0,0,0,0,0,0,0,0,0,0,0.168776371,0.043956044,0.201729107,0.209059233,0.19434629,0.204379562,0.201409869,0.164533821,0.202020202,0.202020202,0.054495913,0.107526882,0.134228188,0.068493151,0.151133501,0.188235294,0.048076923,0.019083969,0.094212651,0.057251908,0.050505051,0.037735849,0,0,0,0,0,0,0,0,0,0,0,0,0,0,0,0,0,0,0,0,0,0,0,0,0,0,0,0,0,0,0,0,0,0,0,0,0,0,0,0,0,0,0,0,0
2708181,emrB,junction_2708181_1_IS150_start,sv,3.92688,0.00309969,120,-1,0.3,118,0.9,0.375,PASS,0,0,0,0,0,0,0,0,0,0,0,0,0,0,0,0,0,0,0,0,0,0,0,0,0,0,0,0,0,0,0,0,0,0,0,0,0,0,0,0,0,0,0,0,0,0,0,0,0,0,0,0,0,0,0,0.075,0,0,0,0,0,0,0,0.05,0,0,0.192307692,0.132075472,0.151515152,0,0,0,0,0,0,0,0,0,0,0,0,0,0,0,0,0,0,0,0,0,0,0,0,0,0,0,0,0,0,0,0,0,0,0,0,0,0,0,0,0,0,0,0,0,0,0,0,0,0,0,0
2713428,tRNA:serV,junction_2713428_1_IS186_start,sv,5.23229,0.00019998,120,-1,0.126316,7,1.12687,1,PASS,0,0,0,0,0,0,0,0.5,0.054545455,0.025,0,0,0,0,0,0,0,0,0,0,0,0,0,0,0,0,0,0,0,0.012345679,0,0,0,0,0,0,0,0,0,0,0,0,0,0.004901961,0,0,0,0,0,0,0,0,0,0,0,0,0,0,0,0,0,0,0,0,0,0,0,0,0,0,0,0,0,0,0,0,0,0,0,0,0,0,0,0,0,0,0,0,0,0,0,0,0,0,0,0,0,0,0,0,0,0,0,0,0,0,0,0,0,0,0,0,0,0,0,0,0,0,0,0,0
2713845,csrA,T->G,missense,2.43509,0.00019998,120,-1,0.307692,7,1.28391,1,PASS,0,0,0,0,0,0,0,0,0,0,0,0,0,0,0,0,0,0,0,0,0,0,0,0,0,0,0,0,0,0,0,0,0,0,0,0,0,0,0.012195122,0,0,0,0,0,0,0,0,0,0,0,0,0,0,0,0,0,0,0,0,0.025,0.094827586,0.164383562,0.083333333,0.051282051,0.083333333,0.025,0.052631579,0.010695187,0,0,0.01369863,0.128205128,0.029126214,0.098765432,0.026315789,0.050847458,0.011363636,0,0,0,0,0,0,0,0,0,0,0,0,0,0,0,0,0,0,0,0,0,0,0,0,0,0,0,0,0,0,0,0,0,0,0,0,0.004166667,0,0,0,0,0,0,0
2793253,ECB_02621,junction_2793253_-1_IS186_end,sv,4.24728,0.00639936,120,-1,0.923077,114,0.9,0.130435,PASS,0,0,0,0,0,0,0,0.235294118,0.146341463,0.0625,0.037037037,0,0,0,0,0,0,0,0,0,0,0,0,0,0,0,0,0,0,0,0,0,0,0,0,0,0,0,0,0,0,0,0,0,0,0,0,0,0,0,0,0,0,0,0,0,0,0,0,0,0,0,0,0,0,0,0,0,0,0,0,0,0,0,0,0,0,0,0,0,0,0,0,0,0,0,0,0,0,0,0,0,0,0,0,0,0,0,0,0,0,0,0,0,0,0,0,0,0,0,0,0,0,0,0,0,0,0,0,0,0
2794461,intergenic,MOB_2794461_2794469_IS1_1,sv,2.20289,0.00079992,120,-1,0.857143,111,0.9,0.324324,PASS,0,0,0,0,0,0,0,0,0,0,0,0,0,0,0,0,0,0,0,0,0,0,0,0,0,0,0,0,0,0,0,0,0,0,0,0,0,0,0,0,0,0,0,0,0,0,0,0,0,0,0,0,0,0,0,0,0,0,0,0,0,0,0,0,0,0,0,0,0,0,0,0,0,0,0,0,0,0,0,0,0,0,0,0,0,0,0,0,0,0,0,0,0,0,0,0,0,0,0,0,0,0,0,0,0,0.040160643,0.026455026,0.111464968,0.230769231,0.057361377,0.211640212,0.109343936,0.091240876,0.027497709,0,0,0.03236246,0.020696792,0.01618123,0,0
2797742,pyrG,T->G,missense,3.73446,1.00E-04,120,-1,0.110092,118,0.9,0.235294,PASS,0,0,0,0,0,0,0,0,0,0,0,0,0,0,0,0,0,0,0,0,0,0,0,0,0,0,0,0,0,0,0,0,0,0,0,0,0,0,0,0,0,0,0,0,0,0,0,0,0,0,0,0,0,0,0,0,0,0,0,0,0,0,0,0,0,0,0.115384615,0.268656716,0.290322581,0.571428571,0.933333333,0.142857143,0.12,0.06122449,0.05,0,0.075,0,0.130434783,0,0,0,0,0,0,0,0,0,0,0,0.04,0.040816327,0,0,0,0,0,0,0,0,0,0,0,0,0,0,0,0,0,0,0,0,0,0,0,0,0,0,0,0,0
2810545,gudP,G->T,missense,1.3053,0.00019998,120,-1,0.0495868,118,0.9,0.226415,PASS,0,0,0,0,0,0,0,0,0,0,0,0,0,0,0,0,0,0,0,0,0,0,0,0,0,0,0,0,0,0,0,0,0,0,0,0,0,0,0,0,0,0,0,0,0,0,0,0,0,0,0,0,0,0,0,0,0,0,0,0,0,0,0,0,0,0,0,0,0,0,0,0,0,0,0,0,0,0,0,0.035714286,0.304347826,0.875,0.833333333,0.857142857,0.756097561,1,0.714285714,0.833333333,0.757575758,1,1,1,1,1,1,1,0.962962963,1,1,1,1,1,1,1,1,1,1,1,1,1,1,1,0.993006993,1,1,1,0.972972973,0.991071429,1,1,1
2817793,sdaC,G->A,nonsense,2.89574,0.01298,120,-1,0.75,119,0.9,0.705882,PASS,0,0,0,0,0,0,0,0,0,0,0,0,0,0,0,0,0,0,0,0,0,0,0,0,0.037037037,0,0,0,0,0,0,0,0.088235294,0.215384615,0.038461538,0.055555556,0.2,0.070175439,0,0,0.178571429,0.058823529,0.025641026,0,0,0,0,0,0,0,0,0,0,0,0,0,0,0,0,0,0,0,0,0,0,0,0,0,0,0,0,0,0,0,0,0,0,0,0,0,0,0,0,0,0,0,0,0,0,0,0,0,0,0,0,0,0,0,0,0,0,0,0,0,0,0,0,0,0,0,0,0,0.003921569,0,0,0,0,0,0.008695652,0,0
2837247,gcvA,indel;-1;+T,indel,4.61793,0.00259974,120,-1,0.387097,115,0.9,0.27907,PASS,0,0,0,0,0,0,0,0,0,0,0,0,0,0,0,0,0,0,0,0,0,0,0,0,0,0,0,0,0,0,0,0,0,0,0,0,0,0,0,0,0,0,0,0,0,0,0,0,0,0,0,0,0,0,0,0,0,0,0,0,0,0,0,0,0,0,0,0,0,0,0,0,0,0,0,0,0,0,0,0,0,0,0,0,0,0,0,0,0.125,0.333333333,0.45,0.026315789,0,0,0,0,0,0,0,0,0,0.013333333,0,0,0,0,0,0,0,0,0,0,0.006666667,0.007575758,0,0.027777778,0.032258065,0.005154639,0.02,0,0
2899616,yqeB,indel;+T,indel,3.40568,0.0059994,120,-1,0.0736196,110,0.9,0.521739,PASS,0,0,0,0,0,0,0,0,0,0,0,0,0,0,0,0,0,0,0,0,0,0,0,0,0,0,0,0,0,0,0.035971223,0.05952381,0.164556962,0.184615385,0,0,0,0,0,0,0,0,0,0,0,0,0,0,0,0,0,0,0,0,0,0,0,0,0,0,0,0,0,0,0,0,0,0,0,0,0,0,0,0,0,0,0,0,0,0,0,0,0,0,0,0,0,0,0,0,0,0,0,0,0,0,0,0,0,0,0,0,0,0,0,0,0,0,0,0,0,0,0,0,0,0,0,0,0,0,0
2899617,yqeB,MOB_2899617_2899617_IS150_-1,sv,0.992986,1.00E-04,120,-1,0.110092,119,0.9,0.3,PASS,0,0,0,0,0,0.030349014,0,0,0,0,0,0,0,0,0,0,0,0,0.098815132,0.303070566,1,1,1,1,1,1,1,1,1,1,1,1,1,1,1,1,1,0.999508344,1,1,1,1,1,1,1,1,1,1,1,1,1,1,1,1,1,1,1,1,1,1,1,1,1,1,1,1,1,1,1,1,1,1,1,1,1,1,1,1,1,1,1,1,1,1,1,1,1,1,1,1,1,1,1,1,1,1,1,1,1,1,1,1,1,1,1,1,1,1,1,1,1,1,1,1,1,1,1,1,1,1,1
2918131,ygfU,G->A,synonymous,3.23168,0.016132,120,-1,0.24,117,0.9,0.666667,PASS,0,0,0,0,0,0,0,0,0,0,0,0,0,0,0,0,0,0,0,0,0,0,0,0,0,0,0,0,0,0,0,0,0,0,0,0,0,0,0,0,0,0,0,0,0,0,0,0,0,0,0,0,0,0,0,0,0,0,0,0,0,0,0,0,0,0,0,0,0,0,0,0,0,0,0,0,0,0,0,0,0,0,0,0,0,0,0,0,0,0,0,0,0,0,0,0,0,0,0,0,0,0.022988506,0,0,0,0,0,0,0,0,0,0,0,0,0,0,0,0,0,0.016393443,0.115384615
2922758,recJ,C->T,missense,5.43758,1.00E-04,120,-1,0.6,118,0.9,1,PASS,0,0,0,0,0,0,0,0,0,0,0,0,0,0,0,0,0,0,0,0,0,0,0,0,0,0,0,0,0,0,0,0,0,0,0,0,0,0,0,0,0,0,0,0,0,0,0,0,0,0,0,0,0,0,0,0,0,0,0,0,0,0,0,0,0,0,0,0,0,0,0,0,0,0,0,0,0,0,0,0,0,0,0,0,0,0.12,0.090909091,0.333333333,0.409090909,0.285714286,0.421052632,0,0,0,0,0,0,0,0,0,0,0,0,0,0,0,0,0,0,0,0,0,0,0,0.032258065,0,0,0,0,0,0
2991324,nupG,C->A,noncoding,2.66418,0.00819918,120,-1,0.375,118,0.9,1,PASS,0,0,0,0,0,0,0,0,0,0,0,0,0,0,0,0,0,0,0.111111111,0,0,0,0,0,0,0,0,0,0,0,0,0,0,0,0,0,0,0,0,0,0,0,0,0,0,0,0,0,0,0,0,0,0,0,0,0,0,0,0,0,0,0,0,0,0,0,0,0,0,0,0,0,0,0,0,0,0,0,0,0,0,0,0,0,0,0,0,0,0,0,0,0,0,0,0,0,0,0,0.015625,0,0,0.104477612,0.125,0.25,0.071428571,0.08,0.194444444,0.108695652,0.1,0.059701493,0,0,0,0,0,0,0,0,0,0,0
2992366,nupG,indel;+70,indel,2.7713,1.00E-04,120,-1,0.0540541,119,0.9,0.6,PASS,0,0,0,0,0,0,0,0,0,0,0,0,0,0,0,0,0,0,0,0,0,0,0,0,0,0,0,0,0,0,0,0,0,0,0,0,0,0,0,0,0,0,0,0,0,0,0,0,0,0,0,0,0,0,0,0,0,0,0,0,0,0,0,0.105263158,0.178571429,0.071428571,0.205128205,0.328767123,0.172839506,0.285714286,0.607594937,0.244897959,0.047244094,0.026315789,0,0.093023256,0.081081081,0,0.045454545,0,0,0,0.09375,0,0.014388489,0,0.0625,0,0,0,0,0,0,0.055555556,0,0,0,0,0,0,0,0,0,0,0,0,0,0,0,0,0,0,0,0,0,0,0,0,0,0,0
2996588,ECB_02797,junction_2996588_-1_IS1_end,sv,0.992901,1.00E-04,120,-1,0.141176,118,0.9,0.324324,PASS,0,0,0,0,0,0,0,0,0,0,0,0,0,0,0,0,0,0,0,0,0,0,0,0.966666667,1,1,1,1,1,1,1,1,1,1,1,1,1,1,1,1,1,1,1,1,1,1,1,1,1,1,1,1,1,1,1,1,1,1,1,1,1,1,1,1,1,1,1,1,1,1,1,1,1,1,1,1,1,1,1,1,1,1,1,1,1,1,1,1,1,1,1,1,1,1,1,1,1,1,1,1,1,1,1,1,1,1,1,1,1,1,1,1,1,1,1,1,1,1,1,1,1
3024835,ECB_02825,junction_3024835_-1_IS1_end,sv,1.9249,1.00E-04,120,-1,0.48,117,0.9,0.155844,PASS,0,0,0,0,0,0,0,0,0,0,0,0,0,0,0,0,0,0,0,0,0,0,0,0,0,0,0,0,0,0,0,0,0,0,0,0,0,0,0,0,0,0,0,0,0,0,0,0,0,0,0,0,0,0,0,0,0,0,0,0,0,0,0,0,0,0,0,0,0,0,0,0,0,0,0,0,0,0,0,0,0,0,0,0,0,0,0,0,0,0,0,0,0,0,0,0,0,0.027027027,0,0,0,0,0.05,0,0.086956522,0.12,0.30952381,0.442857143,0.833333333,0.707865169,1,0.958333333,0.966666667,0.958333333,1,1,1,1,0.980392157,1,1
3025480,ECB_02826,junction_3025480_-1_IS150_end,sv,5.10457,0.00069993,108,-4.64374,1.00E-04,105,0.9,0.133333,PASS,0,0,0,0,0,0,0,0,0,0,0,0,0,0,0,0,0,0,0,0,0,0,0,0,0,0,0,0,0,0,0,0,0,0,0,0,0,0,0,0,0,0,0,0,0,0,0,0,0,0,0,0,0,0,0,0,0,0,0,0,0,0,0,0,0,0,0,0,0,0,0,0,0,0,0,0,0,0,0,0,0,0,0,0,0.060606061,0.083333333,0,0.153846154,0.166666667,0.285714286,0,0,0,0,0,0,0,0,0,0,0,0,0,0,0,0,0,0,0,0,0,0,0,NA,NA,NA,NA,NA,NA,NA,NA
3026024,ECB_02826,MOB_3026024_3026032_IS1_-1,sv,3.08542,0.00019998,108,-4.00261,0.002557,105,0.9,0.4,PASS,0,0,0,0,0,0,0,0,0,0,0,0,0,0,0,0,0,0,0,0,0,0,0,0,0,0,0,0,0,0,0,0,0,0,0,0,0,0,0,0,0,0,0,0,0,0,0,0,0,0,0,0,0,0,0,0,0,0,0,0,0,0,0,0,0,0,0,0,0,0,0,0,0,0,0,0,0,0,0,0,0,0,0,0,0,0,0,0,0,0,0,0.023809524,0.044444444,0.184615385,0.072,0.068965517,0.053763441,0.090909091,0.048076923,0.012121212,0,0,0,0,0,0,0,0,0,0,0,0,0,0,NA,0,NA,NA,NA,NA,NA
3026706,ECB_02826,MOB_3026706_3026714_IS1_-1,sv,2.15159,0.00019998,108,-4.24137,0.00774194,104,0.9,0.101695,PASS,0,0,0,0,0,0,0,0,0,0,0,0,0,0,0,0,0,0,0,0,0,0,0,0,0,0,0,0,0,0,0,0,0,0,0,0,0,0,0,0,0,0,0,0,0,0,0,0,0,0,0,0.1,0.267607127,0.285714286,0.813480625,0.227291493,0.211365263,0.738071053,0.698884848,0.685133333,0.882159001,0.731946472,0.820127273,0.8349675,0.735163333,0.667756111,0.723747222,0.236581681,0.53199125,0.390629512,0.117995882,0.265866327,0.183767279,0.163764826,0.045454545,0.066666667,0,0,0,0,0,0,0,0,0,0,0,0,0,0,0,0,0,0,0,0,0,0,0,0,0,0,0,0,0,0,0,0,0,0,0,0,0,0,NA,NA,NA,0,NA,NA,NA
3035123,ECB_02836,MOB_3035123_3035125_IS150_1,sv,1.21972,1.00E-04,109,-4.72416,1.00E-04,107,0.9,0.8,PASS,0,0,0,0,0,0,0,0,0,0,0,0,0,0,0,0,0,0,0,0,0,0,0,0,0,0,0,0,0,0,0,0,0,0,0,0,0,0,0,0,0,0,0,0,0,0,0,0,0,0,0,0,0,0,0,0,0,0,0,0,0,0,0,0,0,0,0,0,0,0,0,0.301587302,0.679487179,0.627118644,0.885714286,0.975609756,0.969230769,1,0.952380952,1,1,0.935483871,1,1,1,1,0.931034483,1,1,1,1,1,1,1,1,1,1,1,1,1,1,1,1,1,1,1,1,1,1,1,1,1,1,1,NA,NA,1,NA,NA,NA,NA
3055968,yghO,junction_3055968_1_IS1_start,sv,1.84715,1.00E-04,120,-1,0.292683,118,0.9,0.307692,PASS,0,0,0,0,0,0,0,0,0,0,0,0,0,0,0,0,0,0,0,0,0,0,0,0,0,0,0,0,0,0,0,0,0,0,0,0,0,0,0,0,0,0,0,0,0,0,0,0,0,0,0,0,0,0,0,0,0,0,0,0,0,0,0,0,0,0,0,0,0,0,0,0,0,0,0,0,0,0,0,0,0,0,0,0,0,0,0,0,0,0,0,0,0,0,0,0,0,0,0.011235955,0,0,0,0.047619048,0.027027027,0.086956522,0.114285714,0.387096774,0.492307692,0.857142857,0.743902439,0.92,0.952380952,1,0.969465649,1,1,1,0.990049751,1,1,1
3061878,ECB_02855,junction_3061878_1_IS1_start,sv,5.98076,0.00029997,120,-1,0.857143,117,0.9,0.923077,PASS,0,0,0,0,0,0,0,0,0,0,0,0,0,0,0,0,0,0,0,0,0,0,0,0,0,0,0,0,0,0,0,0,0,0,0,0,0,0,0,0,0,0,0,0,0,0,0,0,0,0,0,0,0,0,0,0,0,0,0,0,0,0,0,0,0,0,0,0,0,0,0,0,0,0,0,0,0,0,0,0,0,0,0,0,0,0.067114094,0.126582278,0.100502513,0.201005025,0.25,0.04587156,0,0,0,0,0,0,0,0,0,0,0,0,0,0,0,0,0,0,0,0,0,0,0,0,0,0,0,0,0,0
3094015,ygiQ,G->A,missense,4.71942,1.00E-04,120,-1,0.387097,119,0.9,0.148148,PASS,0,0,0,0,0,0,0,0,0,0,0,0,0,0,0,0,0,0,0,0,0,0,0,0,0,0,0,0,0,0,0,0,0,0,0,0,0,0,0,0,0,0,0,0,0,0,0,0,0,0,0,0,0,0,0,0,0,0,0,0,0,0,0,0,0,0,0,0,0,0,0,0.023255814,0,0,0,0,0,0,0,0,0.027027027,0.16,0.181818182,0.117647059,0.06122449,0,0,0,0,0,0,0,0,0,0,0,0,0,0,0,0,0,0,0,0,0,0,0,0,0,0,0.015151515,0,0,0,0,0,0,0,0,0
3094238,ygiQ,G->A,missense,2.48594,0.0069993,120,-1,1,117,0.9,0.923077,PASS,0,0,0,0,0,0,0,0,0,0,0,0,0,0,0,0,0,0,0,0,0,0,0,0,0,0,0,0,0,0,0,0,0,0,0,0,0,0,0,0,0,0,0,0,0,0,0,0,0,0,0,0,0,0,0,0,0,0,0.086956522,0.041666667,0.25,0.382352941,0,0.25,0.186046512,0,0.157894737,0.028985507,0.037037037,0,0,0.146341463,0.196078431,0.1,0.047619048,0.043478261,0,0,0,0,0,0,0,0,0,0,0,0,0,0,0,0,0,0,0,0,0,0,0.022222222,0,0,0,0,0,0,0,0,0,0,0,0,0,0,0,0,0,0,0.006756757,0,0,0
3122284,yqiG,T->G,synonymous,3.45532,0.00059994,120,-1,0.210526,119,0.9,0.285714,PASS,0,0,0,0,0,0,0,0,0,0,0,0,0,0,0,0,0,0,0,0,0.00862069,0,0,0,0,0,0,0,0,0,0,0.025,0,0,0,0,0,0,0,0,0,0,0,0,0,0,0,0,0,0,0,0,0,0,0,0,0,0,0,0,0,0,0,0,0,0,0,0,0,0,0,0,0,0,0,0,0,0,0,0,0,0,0.020833333,0,0,0,0,0,0,0,0,0,0,0,0,0,0,0,0,0,0,0.009345794,0,0,0,0,0,0,0,0,0,0,0.011450382,0.010928962,0,0,0.058823529,0.091743119,0.317647059,0.44,0.527777778
3158402,ebgA,C->A,missense,2.98808,1.00E-04,120,-1,0.108108,117,0.9,0.255319,PASS,0,0,0,0,0,0,0,0,0,0,0,0,0,0,0,0,0,0,0,0,0,0,0,0,0,0,0,0,0,0,0,0,0,0,0,0,0,0,0,0,0,0,0,0,0,0,0,0,0,0,0,0,0.047619048,0.25,0.307692308,0.034482759,0.035714286,0,0.068965517,0,0.065217391,0,0.076923077,0.086956522,0.208333333,0,0.181818182,0.490909091,0.333333333,0.909090909,0.886363636,0.147058824,0.052631579,0.151515152,0.3125,0.086956522,0.025641026,0,0,0.037974684,0.032258065,0.1,0,0,0,0,0,0,0.032258065,0,0,0,0,0,0,0,0,0,0,0,0,0,0,0,0,0,0,0,0,0,0,0,0,0,0,0,0,0,0,0,0
3183318,yqjK,A->G,missense,4.88518,0.00209979,120,-1,1,118,0.9,0.75,PASS,0,0,0,0,0,0,0,0,0,0,0,0,0,0,0,0,0,0,0,0,0,0,0,0,0,0,0,0,0,0,0,0,0,0,0,0,0,0,0,0,0,0,0,0,0,0,0,0,0,0,0,0,0,0,0,0,0,0,0,0,0,0,0,0,0.074074074,0.25,0,0.046875,0,0,0,0,0,0,0,0,0,0,0,0,0,0,0,0,0,0,0,0,0,0,0,0,0,0,0,0,0,0,0,0,0,0,0,0,0,0,0,0,0,0,0,0,0,0,0,0,0,0,0,0,0
3250680,infB,T->G,missense,5.79853,1.00E-04,120,-1,0.8,114,0.9,0.8,PASS,0,0,0,0,0,0,0,0,0,0,0,0,0,0,0,0,0,0,0,0,0,0,0,0,0,0,0,0,0,0,0,0,0,0.028571429,0.086956522,0.166666667,0.416666667,0.125,0.043478261,0,0,0,0,0,0,0,0,0,0,0,0,0,0,0,0,0,0,0,0,0,0,0,0,0,0,0,0,0,0,0,0,0,0,0,0,0,0,0,0,0,0,0,0,0,0,0,0,0,0,0,0,0,0,0,0,0,0,0,0,0,0,0,0,0,0,0,0,0,0,0,0,0,0,0,0,0,0,0,0,0,0
3268055,yhbE,junction_3268055_-1_IS150_start,sv,4.94675,0.0019998,120,-1.49657,0.017991,115,0.9,0.413793,PASS,0,0,0,0,0,0,0,0,0,0,0,0,0,0,0,0,0,0,0,0,0,0,0,0,0,0,0.076923077,0,0.105263158,0.272727273,0.4,0,0,0,0,0,0,0,0,0.076923077,0,0,0,0,0,0,0,0,0,0,0,0,0,0,0,0,0,0,0,0,0,0,0,0,0,0,0,0,0,0,0,0,0,0,0,0,0,0,0,0,0,0,0,0,0,0,0,0,0,0,0,0,0,0,0,0,0,0,0,0,0,0,0,0,0,0,0,0,0,0,0,0,0,0,0,0,0,0,0,0,0
3279827,yhbG,G->A,missense,0.994963,1.00E-04,120,-1,0.461538,118,0.9,0.444444,PASS,0,0,0,0,0,0,0,0,0,0,0,0,0,0.018518519,0,0,0,0,0,0,0,0,0,0,0,0,0,0,0,0,0,0,0,0,0,0,0,0,0,0,0,0,0,0,0,0,0,0,0,0,0,0,0,0,0,0,0,0,0,0,0,0,0.076923077,0,0,0,0,0,0,0,0.12195122,0.603773585,0.777777778,0.871794872,0.6,0.928571429,0.88372093,1,0.941176471,1,1,0.96969697,0.928571429,1,0.975609756,1,1,1,1,1,1,1,1,0.964285714,1,1,1,1,1,1,1,1,1,1,1,1,1,1,1,1,1,1,0.995327103,1,1,1,1,1,1,1,1
3312668,argR,T->G,missense,2.9439,1.00E-04,120,-1,0.923077,118,0.9,1,PASS,0,0,0,0,0,0.025641026,0,0,0,0,0,0,0,0,0,0,0,0,0,0,0,0,0,0,0,0,0,0,0,0,0,0,0,0,0,0,0,0,0,0,0,0,0,0,0,0,0,0,0,0,0,0,0,0.230769231,0.064516129,0.06779661,0.083333333,0.029411765,0.064516129,0.090909091,0.034482759,0.142857143,0.117647059,0.263157895,0.161290323,0.235294118,0.172413793,0.478723404,0.379310345,0.75,0.790697674,0.204545455,0.070175439,0.085106383,0.090909091,0.125,0,0,0.05,0.028846154,0,0,0,0,0,0,0,0.043478261,0,0,0,0,0.047619048,0,0,0,0,0,0,0,0,0,0,0,0,0,0,0,0,0,0,0,0,0.007352941,0,0,0,0,0,0,0
3312687,argR,G->A,missense,1.31028,1.00E-04,120,-1,1,118,0.9,1,PASS,0,0,0,0,0,0,0,0,0,0,0,0,0,0,0,0,0,0,0,0,0,0,0,0,0,0,0,0,0,0,0,0,0,0,0,0,0,0,0,0,0.045454545,0,0,0,0,0,0,0,0,0,0,0,0,0,0,0,0,0,0,0,0,0,0,0,0,0,0,0.009708738,0,0,0,0,0,0,0,0,0,0,0,0,0,0,0,0,0,0.047619048,0.071428571,0.037037037,0.066666667,0,0.368421053,0.985074627,0.96,1,1,1,1,1,1,1,1,1,1,1,1,1,1,1,1,1,1,1,1,1,1,1,1,1,0.984848485,1,1
3323322,yhdP,C->T,synonymous,2.82901,0.010163,120,-1,0.923077,118,0.9,0.75,PASS,0,0,0,0,0,0.037735849,0,0,0,0,0,0,0,0,0,0,0,0,0,0,0,0,0,0,0,0,0,0,0,0,0,0,0,0,0,0,0,0,0,0,0,0,0,0,0,0,0,0,0,0,0,0,0,0,0,0,0,0,0,0,0,0,0,0,0,0,0,0,0,0,0,0,0,0,0,0,0,0,0.064516129,0.011494253,0,0,0,0,0,0,0,0,0,0,0,0,0,0.033333333,0.045454545,0.12195122,0.058823529,0,0.031746032,0,0,0,0,0,0,0,0,0,0,0,0,0.01369863,0,0,0,0,0,0,0,0,0
3328619,mreB,C->A,missense,0.986904,1.00E-04,120,-1,0.130435,118,0.9,0.705882,PASS,0,0,0.454545455,0.652173913,0.454545455,0.963636364,1,1,1,1,1,1,1,1,1,1,1,1,1,1,1,1,1,1,1,1,1,1,1,1,1,1,1,1,1,1,1,0.967741935,1,1,1,1,1,1,1,1,1,1,1,1,1,1,1,1,1,1,0.96,1,1,1,1,1,1,1,1,1,1,1,1,1,1,1,1,1,1,1,1,1,1,0.984848485,1,1,1,1,1,1,1,1,1,1,1,1,1,1,1,1,1,1,1,1,1,1,1,1,1,1,1,1,1,1,1,1,1,1,1,1,1,1,1,0.98989899,1
3339490,yhdJ,C->A,noncoding,0.99138,1.00E-04,120,-1,0.48,119,0.9,0.8,PASS,0,0,0,0,0,0,0,0,0.007633588,0,0,0,0,0,0,0,0,0,0.04,0,0.98,1,1,1,1,1,0.982142857,1,1,1,1,1,1,1,1,1,1,0.982142857,1,1,1,1,1,1,1,1,1,1,1,1,1,1,1,1,1,1,1,1,1,1,1,1,1,1,1,1,1,1,1,1,1,1,1,1,1,1,1,1,1,1,1,1,1,1,1,1,1,1,1,1,1,1,1,1,1,1,1,1,1,1,1,1,1,1,1,1,1,1,1,1,1,1,1,1,1,1,1,1,1,1,1
3369432,rpsD,T->C,missense,1.15643,1.00E-04,120,-1,0.230769,119,0.9,0.444444,PASS,0,0,0,0,0,0,0,0,0,0,0,0,0,0,0,0,0,0,0,0,0,0,0,0,0,0,0,0,0,0,0,0,0,0,0,0,0,0,0,0,0,0,0,0,0,0,0,0,0,0,0,0,0,0,0,0,0,0,0,0,0,0,0,0,0,0,0,0,0,0,0,0,0,0,0,0.314285714,0.913043478,1,1,1,1,1,0.975,0.941176471,1,0.958333333,1,0.925925926,1,0.944444444,1,1,1,1,1,1,1,1,1,1,1,1,1,1,1,1,1,1,1,0.989795918,1,1,1,1,1,1,1,1,1,1,1
3369432,rpsD,T->G,missense,3.35899,1.00E-04,120,-1,0.3,119,0.9,0.6,PASS,0,0,0,0,0,0,0,0,0,0,0,0,0,0,0,0,0,0,0,0,0,0,0,0,0,0,0,0,0,0,0,0,0,0,0,0,0,0,0,0,0,0,0,0,0,0,0,0,0,0,0,0,0,0,0,0,0,0,0,0,0,0,0,0.15,0,0.117647059,0.304347826,0.47826087,0.396226415,0.636363636,0.796296296,0.12244898,0.01369863,0.06122449,0.1875,0.114285714,0.086956522,0,0,0,0,0,0.025,0.058823529,0,0.041666667,0,0.074074074,0,0.055555556,0,0,0,0,0,0,0,0,0,0,0,0,0,0,0,0,0,0,0,0.010204082,0,0,0,0,0,0,0,0,0,0,0
3373108,rpsE,G->A,synonymous,2.86883,0.01711,120,-1,0.363636,118,0.9,0.545455,PASS,0,0.027027027,0,0,0.125,0.05,0,0,0.01010101,0,0,0.03030303,0,0,0,0,0,0,0,0,0,0,0,0,0,0,0,0,0,0,0,0,0,0,0,0,0,0,0,0,0,0,0,0,0,0,0,0,0,0,0,0,0,0,0,0,0,0,0,0,0,0,0,0,0,0,0,0,0,0,0,0,0,0,0,0,0,0,0,0,0,0,0,0,0,0,0,0,0,0,0,0,0,0,0,0,0,0,0,0,0,0,0,0,0,0,0,0,0,0,0,0,0,0,0,0,0,0.008032129,0.030769231,0,0
3373810,rplF,A->G,missense,1.85357,1.00E-04,120,-1,0.8,117,0.9,0.179104,PASS,0,0,0,0,0,0,0,0,0,0,0,0,0,0,0,0,0,0,0,0,0,0,0,0,0,0,0,0,0,0,0,0,0,0,0,0,0,0,0,0,0,0,0,0,0,0,0,0,0,0,0,0,0,0,0,0,0,0,0,0,0,0,0,0,0,0,0,0,0,0,0,0,0,0,0,0,0,0,0,0,0,0,0,0,0,0,0,0,0,0,0,0,0,0,0,0,0,0,0,0,0,0,0,0.017857143,0,0.14893617,0.333333333,0.450704225,0.5,0.762376238,0.913043478,1,0.972972973,0.972027972,0.953488372,1,1,1,1,1,1
3376803,rplP,T->G,missense,3.76882,0.016363,120,-1,0.193548,118,0.9,0.444444,PASS,0,0,0,0,0,0,0,0,0,0,0,0,0,0,0,0,0,0,0,0,0,0,0,0,0,0,0,0,0,0,0,0,0.076923077,0.183673469,0,0,0.034482759,0,0,0.222222222,0,0,0,0,0,0,0,0,0,0,0,0,0,0,0,0,0,0,0,0,0,0,0,0,0,0,0,0,0,0,0,0,0,0,0,0,0,0,0,0,0,0,0,0,0,0,0,0,0,0,0,0,0,0,0,0,0,0,0,0,0,0,0,0,0,0,0,0,0,0,0,0,0,0,0,0,0,0,0,0,0
3439190,yhfX,C->T,missense,1.02614,1.00E-04,120,-1,1,116,0.9,0.705882,PASS,0,0,0,0,0,0,0,0,0,0,0,0,0,0,0,0,0,0,0,0,0,0,0,0,0,0,0,0,0,0,0,0,0,0,0,0,0,0,0,0,0,0,0,0,0,0,0,0,0,0,0,0,0,0,0,0.04,0.2,0.133333333,0.222222222,0.212121212,0.08,0.4,0.545454545,0.428571429,0.242424242,0.125,0.307692308,0.137931034,0.25,0,0.055555556,0.7,0.742857143,0.65625,0.6875,1,1,1,0.909090909,0.980769231,1,0.857142857,0.933333333,1,1,1,1,1,1,1,1,0.964285714,0.913043478,1,1,1,1,1,0.96969697,1,1,1,1,1,1,1,1,1,1,1,1,0.973684211,1,1,1,1,1,1,1,1,1
3464586,ompR,A->C,missense,3.93541,1.00E-04,120,-1,0.8,116,0.9,0.705882,PASS,0,0,0,0,0,0,0,0,0,0,0,0,0,0,0,0,0,0,0,0,0,0,0,0,0,0,0,0,0,0,0,0,0,0,0,0,0,0,0,0,0,0,0,0,0,0,0,0,0,0,0,0,0,0,0,0,0,0,0,0,0,0,0.090909091,0.086956522,0.148148148,0.363636364,0.45,0.076923077,0.060606061,0.366666667,0.068965517,0.081081081,0,0,0,0,0,0,0,0,0,0,0,0,0,0,0,0,0,0,0,0,0,0,0,0,0,0,0,0,0,0,0,0,0,0,0,0.01754386,0,0,0,0,0,0,0,0,0,0,0,0,0
3469030,feoA,T->C,missense,0.979788,1.00E-04,120,-1,0.923077,119,0.9,0.857143,PASS,0,0,0,0,0,0,0,0,0,0,0,0,0,0,0,0,0,0,0,0,0,0,0,0,0,0,0,0,0,0,0,0,0,0,0,0,0,0,0,0,0,0,0,0,0,0,0,0,0,0,0,0,0,0,0,0,0,0,0,0,0.058823529,0.076923077,0.529411765,0.291666667,0.096774194,0.416666667,0.15625,0.253012048,0.205882353,0.02173913,0.041666667,0.581395349,0.763636364,0.829268293,0.75,0.826086957,0.97826087,1,0.961538462,0.988372093,0.972222222,1,1,1,1,0.939393939,0.952380952,1,1,1,0.952380952,1,1,1,1,1,1,1,1,1,0.961538462,1,1,1,1,1,1,1,1,1,1,1,1,1,1,1,1,1,1,1,1
3475057,intergenic,C->T,noncoding,1.91317,1.00E-04,120,-1,0.342857,118,0.9,0.00620155,PASS,0,0,0.028571429,0,0,0,0,0,0,0,0,0,0,0,0,0,0,0,0,0,0,0,0,0,0,0,0,0,0,0,0,0,0,0,0,0,0.277777778,0.108108108,0.121212121,0,0,0,0,0.157407407,0.416666667,0.055555556,0.046511628,0.020833333,0,0.078947368,0,0.052631579,0.096774194,0.235294118,0,0.224489796,0.172413793,0,0.057142857,0.081632653,0.032786885,0.098039216,0,0.04,0.214285714,0.181818182,0.275862069,0.514285714,0.510638298,0.75,0.904761905,0.096153846,0.054054054,0.095238095,0,0,0,0,0,0.012345679,0.046511628,0,0.102564103,0,0,0,0,0,0.03030303,0,0.117647059,0,0,0,0.053571429,0.133333333,0.024390244,0,0,0.018181818,0,0,0,0,0.05,0.269230769,0.125,0.054545455,0,0.028037383,0,0,0,0,0.023255814,0.047619048,0.021276596,0.095,0.08,0.08411215,0
3483359,malT,indel;-4,indel,0.980139,1.00E-04,120,-1,0.413793,117,0.9,0.705882,PASS,0,0,0,0,0,0,0,0,0,0,0,0,0,0,0,0,0,0,0,0,0,0,0,0,0,0,0,0,0,0,0,0,0.103448276,0.545454545,0.882352941,0.958333333,1,1,1,0.952380952,1,0.916666667,0.944444444,0.878504673,0.958333333,1,1,1,0.975,1,1,1,1,1,1,1,1,1,1,1,1,1,1,1,1,1,1,1,1,1,0.958333333,1,1,1,1,1,1,1,1,1,1,1,0.95,1,1,1,1,1,1,0.916666667,1,1,1,1,1,1,1,1,1,1,1,1,1,1,1,1,1,1,1,1,1,0.978723404,1,0.988636364,1,1,1,0.989795918,1,1,1
3490093,glpG,A->C,noncoding,0.970057,1.00E-04,120,-1,0.705882,118,0.9,0.48,PASS,0,0,0,0,0,0,0,0,0,0,0,0,0,0,0,0,0,0,0,0,0,0,0,0,0,0,0,0,0,0,0,0,0,0,0,0,0,0,0,0,0,0,0,0,0,0,0,0,0,0,0,0,0,0,0,0,0,0,0,0,0.031746032,0.25,0.473684211,0.277777778,0.518518519,0.2,0.315789474,0.137931034,0.244444444,0.022222222,0.022222222,0.7,0.676470588,0.476190476,0.71875,1,0.92,1,0.941176471,0.974576271,0.94,0.851851852,0.959183673,0.954545455,1,1,1,1,0.964285714,1,1,1,0.967741935,1,0.982758621,1,1,1,1,1,1,1,1,1,1,1,1,1,1,1,1,1,1,1,1,1,1,0.995689655,1,0.991071429,1
3553995,rhsB,T->C,synonymous,4.8909,0.00089991,120,-1,0.923077,113,0.9,0.0718563,PASS,0,0,0,0,0,0,0,0,0,0,0,0,0,0,0,0,0,0,0,0,0,0,0,0,0,0,0,0,0,0,0,0,0,0,0,0,0,0,0,0,0,0,0,0,0,0,0,0,0,0,0,0,0,0,0,0,0,0,0,0,0,0,0,0,0.033333333,0,0.117647059,0.15625,0.081081081,0,0,0,0,0,0,0,0,0,0,0,0,0,0,0,0,0,0,0,0,0,0,0,0,0,0,0,0,0,0,0,0,0,0,0,0,0,0,0,0,0,0,0,0,0,0,0,0,0,0,0,0
3557592,yhiH,G->A,synonymous,6.16778,0.00159984,120,-1,0.8,118,0.9,0.413793,PASS,0,0,0,0,0,0,0,0,0,0,0,0,0,0,0,0,0,0,0,0,0,0,0,0,0,0,0,0,0,0,0,0,0,0,0,0,0,0,0,0,0,0,0,0,0,0,0,0,0,0,0,0,0,0,0,0,0,0,0,0,0,0,0,0,0,0,0,0,0,0,0,0,0.03125,0.078947368,0.166666667,0,0,0,0,0,0,0,0,0,0,0,0,0,0,0,0,0,0,0,0,0,0,0,0,0,0,0,0,0,0,0,0,0,0,0,0,0,0,0,0,0,0,0,0,0,0
3740817,intergenic,T->G,noncoding,3.16913,0.00019998,120,-1,0.545455,118,0.9,1,PASS,0,0,0,0,0,0,0,0,0,0,0,0,0,0,0,0,0,0,0,0,0,0,0,0,0,0,0,0,0,0,0,0,0,0,0,0,0,0,0,0,0,0,0,0,0,0,0,0,0,0,0,0,0,0,0,0,0,0,0,0,0,0,0,0,0,0,0,0,0,0,0,0,0,0,0,0,0,0,0,0,0,0,0,0,0,0,0,0,0,0,0,0,0,0,0,0,0,0,0,0,0,0,0,0,0,0,0,0,0,0.005882353,0,0.017241379,0.016949153,0.036885246,0,0.048780488,0.083333333,0.121212121,0.248322148,0.410958904,0.779661017
3752134,dfp,T->G,missense,2.02937,1.00E-04,120,-1,0.0530973,117,0.9,0.857143,PASS,0,0,0,0,0,0,0,0,0,0,0,0,0,0,0,0,0,0,0,0,0,0,0,0,0,0,0,0,0,0,0,0,0,0,0,0,0,0,0,0,0,0,0,0,0,0,0,0,0,0,0,0,0,0,0,0,0,0,0,0,0,0,0,0,0,0,0,0,0,0,0,0,0,0,0,0,0,0,0,0,0,0,0,0,0,0,0,0,0,0,0,0,0,0,0,0,0,0,0,0,0,0,0,0,0,0.263157895,0.277777778,0.451612903,0.75,0.75,0.863636364,0.978723404,0.983606557,0.987804878,1,1,1,1,0.939393939,1,1
3762480,spoT,G->T,missense,0.976513,1.00E-04,120,-1,0.666667,117,0.9,0.444444,PASS,0.004830918,0.780487805,1,1,1,1,1,1,1,1,1,1,1,1,1,1,1,1,1,1,1,1,1,1,1,1,1,0.964285714,1,1,1,1,1,1,1,1,1,1,1,1,1,1,1,1,1,1,1,1,1,1,1,1,1,1,1,1,1,1,1,1,1,1,1,1,1,1,1,1,1,1,1,1,1,1,1,1,1,1,1,0.9875,0.970588235,1,1,1,1,1,1,1,1,1,1,1,1,1,1,1,1,1,1,1,1,1,1,1,1,1,1,1,1,1,1,1,1,1,1,1,1,1,1,1,1
3798140,yicL,C->T,noncoding,5.10283,0.00089991,120,-1,0.292683,118,0.9,0.631579,PASS,0,0,0,0,0,0,0,0,0,0,0,0,0,0,0,0,0,0,0,0,0,0,0,0,0,0,0,0,0,0,0,0,0,0,0,0,0,0,0,0,0,0,0,0,0,0,0,0,0,0,0,0,0,0,0,0,0,0,0,0,0.035087719,0,0,0,0,0,0,0,0,0,0,0,0,0,0,0,0,0,0,0.010526316,0,0,0,0,0,0,0,0,0,0.105263158,0.111111111,0,0,0,0,0,0,0,0,0,0,0,0,0,0,0,0,0,0,0,0,0,0,0,0,0,0,0,0,0,0
3856107,yieG,junction_3856107_1_IS186_end,sv,2.63884,0.017399,120,-1,1,118,0.9,0.521739,PASS,0,0,0,0,0,0,0,0,0,0,0,0,0,0,0,0,0,0,0,0,0,0,0,0,0,0,0,0,0,0,0,0,0,0,0,0,0,0,0,0,0,0,0,0,0,0,0,0,0,0,0,0,0,0,0,0,0,0,0,0,0.017241379,0,0,0,0,0,0,0,0,0,0.023255814,0,0,0,0,0,0,0,0,0,0,0,0,0,0,0,0,0,0,0,0,0,0,0,0,0,0,0,0.013157895,0.036363636,0.058823529,0,0.117647059,0.088235294,0,0.111111111,0.051282051,0,0.058823529,0.011904762,0,0,0,0,0,0,0,0,0,0,0
3893550,intergenic,indel;C;+G;G;+GG;+T;+GGG;+GAC,indel,1.06211,1.00E-04,120,-1,0.130435,118,0.9,0.375,PASS,0,0,0.028571429,0,0,0,0,0,0.008,0.016666667,0,0,0.043478261,0.033333333,0,0.1,0,0.017241379,0,0,0.009433962,0,0,0,0,0,0.014925373,0.109090909,0.032258065,0.085106383,0.046153846,0.093023256,0,0,0.066666667,0.022727273,0.117647059,0.3,0.125,0,0.076923077,0.131578947,0.095238095,0.387755102,0.055555556,0.1,0.0625,0.161290323,0.287878788,0.243902439,0.235294118,0.153846154,0.176470588,0.142857143,0.055555556,0.021276596,0.117647059,0.095238095,0,0,0.034482759,0,0,0,0.035714286,0,0,0.01980198,0.022727273,0.090909091,0.069767442,0.03030303,0,0.025641026,0,0,0,0,0,0.033613445,0.083333333,0,0.028571429,0.0625,0.021276596,0.03030303,0.111111111,0,0.027777778,0,0,0.017857143,0.034482759,0.048780488,0.088235294,0,0.055555556,0.024390244,0.037037037,0.070422535,0.03030303,0.061728395,0.033333333,0.058823529,0.136363636,0.085714286,0,0.031746032,0,0.028301887,0.025641026,0.024691358,0.126637555,0.15862069,0.264705882,0.378378378,0.311111111,0.377880184,0.282051282,0.292307692,0.137931034
3895833,rbsA,junction_3895833_1_IS150_end,sv,0.977769,1.00E-04,120,-1,0.333333,8,1.20397,1,PASS,0,0,0,0,0,0,0,0.545454545,0.543478261,0.225806452,0.387096774,0.923076923,0.970588235,1,1,1,1,1,1,1,1,1,1,1,1,1,1,1,1,1,1,1,1,1,1,1,1,1,1,1,1,1,1,1,1,1,1,1,1,1,1,1,1,1,1,1,1,1,1,1,1,1,1,1,1,1,1,1,1,1,1,1,1,1,1,1,1,1,1,1,1,1,1,1,1,1,1,1,1,1,1,1,1,1,1,1,1,1,1,1,1,1,1,1,1,1,1,1,1,1,1,1,1,1,1,1,1,1,1,1,1
3912148,ilvL,indel;-15,indel,0.978985,1.00E-04,120,-1,0.705882,117,0.9,0.857143,PASS,0,0.03030303,0,0,0,0,0,0,0,0,0,0,0,0,0,0,0,0,0,0,0,0,0,0,0,0,0,0,0.032894737,0.185185185,0.357142857,0.568181818,0.793103448,0.958333333,1,0.971428571,1,1,1,1,1,1,1,1,1,1,1,1,1,1,1,1,1,1,1,1,1,1,1,1,1,1,1,1,1,1,1,1,1,1,1,1,1,1,1,1,1,1,1,1,1,1,1,1,1,1,1,1,1,1,1,1,1,1,1,0.974358974,1,1,1,1,1,1,1,0.983050847,1,1,1,1,1,0.994413408,1,1,1,1,1,0.973913043,1,1,1,1,1
3966678,ECB_03695,MOB_3966678_3966686_IS1_1,sv,4.288,1.00E-04,120,-1,1,117,0.9,0.8,PASS,0,0,0,0,0,0,0,0,0,0,0,0,0,0,0,0,0,0,0,0,0,0,0,0,0,0,0,0,0,0,0,0,0,0,0,0,0,0,0,0,0,0,0,0,0,0,0,0,0,0,0,0,0,0,0,0,0,0,0,0,0,0,0,0,0,0,0,0,0,0,0,0,0,0,0,0,0,0,0,0,0,0,0,0,0,0,0,0,0,0,0,0,0,0,0,0,0,0,0,0,0,0,0,0.011111111,0.033333333,0.142857143,0.295081967,0.3,0.2,0.111702128,0,0,0,0,0,0,0,0,0,0,0
3987120,ECB_03715,indel;-11,indel,3.17731,0.00279972,120,-1,0.0428571,119,0.9,0.4,PASS,0,0,0,0,0,0,0,0,0,0,0,0,0,0,0,0,0,0,0,0,0,0,0,0,0,0,0,0,0,0,0,0,0,0,0,0,0,0,0,0,0,0,0,0,0,0,0,0,0,0,0,0,0,0,0,0,0,0,0,0,0,0,0,0,0,0.043478261,0.095541401,0.011862396,0.081300813,0,0,0.205128205,0.11589404,0.095238095,0.044642857,0.05,0,0,0,0,0,0,0,0,0,0,0,0,0,0,0,0,0,0,0,0,0,0,0,0,0,0,0,0,0,0,0,0,0,0,0,0,0,0,0,0,0,0,0,0,0
3987577,ECB_03716,C->T,missense,4.48055,0.00569943,120,-1,0.705882,117,0.9,0.123711,PASS,0,0,0,0,0,0,0.0625,0.48,0.23880597,0.038461538,0.034482759,0,0,0,0,0,0,0,0,0,0,0,0,0,0,0,0,0,0,0,0,0,0,0,0,0,0,0,0,0,0,0,0,0,0,0,0,0,0,0,0,0,0,0,0,0,0,0,0,0,0,0,0,0,0,0,0,0,0,0,0,0,0,0,0,0,0,0,0,0,0,0,0,0,0,0,0,0,0,0,0,0,0,0,0,0,0,0,0,0,0,0,0,0,0,0,0,0,0,0,0,0,0,0,0,0,0,0,0,0,0
4044245,yihP,C->A,missense,0.988768,1.00E-04,120,-1,0.193548,118,0.9,0.333333,PASS,0,0,0,0,0,0,0,0,0,0,0,0,0,0.85,0.888888889,1,1,0.945945946,1,1,1,1,1,1,1,1,1,1,1,1,1,1,1,1,1,1,1,1,1,1,1,1,1,1,1,1,1,1,1,1,1,1,1,1,1,1,1,1,1,1,1,1,0.833333333,1,1,1,1,1,1,1,1,1,1,1,1,1,1,1,1,1,1,1,1,1,1,1,1,1,1,1,1,1,1,1,1,1,1,0.967741935,1,1,1,1,1,1,1,1,1,1,1,1,1,1,1,1,1,1,1,1,1,1,1
4049783,yihS,G->T,missense,3.01768,0.014023,120,-1,0.75,117,0.9,1,PASS,0,0,0,0,0,0,0,0,0,0,0,0,0,0,0,0,0,0,0,0,0,0,0,0,0,0,0,0,0,0,0,0,0,0,0,0,0,0,0,0,0,0,0,0,0.085714286,0.047619048,0.105263158,0.088235294,0.019607843,0.03125,0.05,0,0,0,0,0,0,0,0,0,0,0,0,0,0,0,0,0,0,0,0,0,0,0,0,0,0,0,0,0,0,0,0,0,0,0,0,0,0,0,0,0,0,0,0,0,0,0,0,0,0,0,0,0,0,0,0,0,0,0,0,0,0,0,0,0,0,0,0,0,0
4067722,frvR,C->T,missense,5.31713,0.00119988,120,-1,0.857143,118,0.9,0.413793,PASS,0,0,0,0,0,0,0,0,0,0,0,0,0,0,0,0,0,0,0,0,0,0,0,0,0,0,0,0,0.047619048,0.24,0.131578947,0,0.034482759,0,0,0,0,0,0,0,0,0,0,0,0,0,0,0,0,0,0,0,0,0,0,0,0,0,0,0,0,0,0,0,0,0,0,0,0,0,0,0,0,0,0,0,0,0,0,0,0,0,0,0,0,0,0,0,0,0,0,0,0,0,0,0,0,0,0,0,0,0,0,0,0,0,0,0,0,0,0,0,0,0,0,0,0,0,0,0,0
4084816,cpxR,C->T,missense,0.977735,1.00E-04,120,-1,0.121212,117,0.9,0.214286,PASS,0,0,0,0,0,0,0,0,0,0,0,0,0,0,0,0,0,0,0,0,0,0,0,0,0,0,0,0.029411765,0,0,0,0,0,0,0,0,0.181818182,0.733333333,0.933333333,0.928571429,0.9,0.863636364,0.882352941,0.85483871,0.714285714,1,1,1,1,1,1,1,1,1,1,1,1,1,1,1,1,1,1,1,1,1,1,1,1,1,1,1,1,1,1,0.9375,1,1,1,1,1,1,1,1,1,1,1,1,1,1,1,0.971428571,1,1,1,1,0.96969697,1,1,1,1,1,1,1,1,1,1,1,1,1,1,1,1,1,1,1,1,1,1,1,1
4101091,hslU,T->G,missense,0.98901,1.00E-04,120,-1,0.705882,116,0.9,0.48,PASS,0,0,0,0,0,0.819672131,1,1,1,0.979166667,1,1,1,1,1,1,1,1,1,1,0.987654321,1,1,1,1,1,1,1,1,1,1,1,1,1,1,1,1,1,1,1,1,1,1,1,1,1,1,1,1,1,1,1,1,1,1,1,1,1,1,1,1,1,1,1,1,1,1,1,1,1,1,1,1,1,1,1,1,1,1,1,1,1,1,1,1,1,1,1,1,1,1,1,1,1,1,1,1,1,1,1,1,1,1,1,1,1,1,1,1,1,1,1,1,1,1,1,0.96875,1,1,1,1
4103968,cytR,indel;-13,indel,3.00023,1.00E-04,120,-1,1,117,0.9,0.8,PASS,0,0,0,0,0,0,0,0,0,0,0,0,0,0,0,0,0,0,0,0,0,0,0,0,0,0,0,0,0,0,0,0,0,0,0,0,0,0,0,0,0,0,0,0,0,0,0,0,0,0,0,0,0,0,0.086956522,0.050632911,0.054054054,0,0.142857143,0.081632653,0.086956522,0,0,0.108108108,0.033898305,0.275862069,0.121212121,0.42384106,0.409090909,0.628571429,0.833333333,0.235294118,0.127659574,0.02247191,0.16,0.066666667,0,0,0,0,0,0.105263158,0.090909091,0,0,0,0,0,0,0,0,0,0,0,0,0,0,0,0,0,0,0,0,0,0,0,0,0,0,0,0,0,0,0,0,0,0,0,0,0,0
4132098,ppc,T->G,missense,4.5245,0.00179982,120,-1,0.266667,117,0.9,0.857143,PASS,0,0,0,0,0,0,0,0,0,0,0,0,0,0,0,0,0,0,0,0,0,0,0,0,0,0,0,0,0,0,0,0,0,0,0,0,0,0,0,0,0,0,0.095238095,0.085365854,0.325,0.1,0.028571429,0,0,0,0,0,0,0,0,0,0,0,0,0,0,0,0,0,0,0,0,0,0,0,0,0,0,0,0,0,0,0,0,0,0,0,0,0,0,0,0,0,0,0,0,0,0,0,0,0,0,0,0,0,0,0,0,0,0,0,0,0,0,0,0,0,0,0,0,0,0,0,0,0,0
4160448,rplL,C->T,missense,3.67962,1.00E-04,120,-1,0.413793,118,0.9,0.48,PASS,0,0,0,0,0,0,0,0,0,0,0,0,0,0,0,0,0,0,0,0,0,0,0,0,0,0,0,0,0,0,0,0,0,0,0,0,0,0,0,0,0,0,0,0,0,0,0,0,0,0,0,0,0,0,0,0,0,0,0,0,0.037037037,0.16,0.444444444,0.071428571,0.518518519,0.833333333,0.125,0.107142857,0.333333333,0.269230769,0.066666667,0,0,0,0,0,0,0,0,0,0,0,0,0,0,0,0,0,0.045454545,0,0,0,0,0,0,0,0,0,0,0,0,0,0,0,0,0,0,0,0,0,0,0,0,0,0,0,0,0,0,0,0
4179771,intergenic,T->G,noncoding,3.46445,0.00019998,120,-1,0.413793,119,0.9,0.666667,PASS,0,0,0,0,0,0,0,0,0,0,0,0,0,0,0,0,0,0,0,0,0,0,0,0,0,0,0,0.03030303,0,0,0,0,0,0,0,0,0,0,0,0,0,0,0,0,0,0,0,0,0,0,0,0,0,0,0,0,0,0,0,0,0,0,0,0,0.194444444,0.294117647,0.142857143,0.151515152,0.057692308,0.210526316,0,0.041666667,0,0,0,0,0,0,0,0,0,0,0,0,0,0,0,0,0,0,0,0,0,0,0,0,0,0,0,0,0,0,0,0,0,0,0,0,0,0,0,0,0,0,0,0,0,0,0,0,0
4202388,iclR,A->C,missense,0.98961,1.00E-04,120,-1,0.196721,118,0.9,0.179104,PASS,0,0,0,0,0,0,0,0,0,0,0,0,0,0,0,0,0,0,0.117647059,0.25,0.964912281,1,1,1,1,1,1,1,1,1,1,1,1,1,1,1,1,1,1,1,1,1,1,1,1,1,1,1,1,1,1,1,1,1,1,1,1,1,1,1,1,1,1,1,1,1,1,1,1,1,1,1,1,1,1,1,1,1,1,0.974683544,1,1,1,1,1,1,1,1,1,1,1,1,1,1,1,1,1,1,1,0.945945946,1,1,1,1,1,1,1,1,1,1,1,1,1,1,1,1,1,1,1,1,1
4204025,metH,G->T,nonsense,0.993395,1.00E-04,120,-1,0.363636,118,0.9,0.444444,PASS,0,0,0,0,0,0,0,0,0,0,0,0,0,0,0.052631579,0,0.64516129,0.971428571,1,1,1,1,1,1,1,1,1,1,1,1,1,1,1,1,1,1,1,1,1,1,1,1,1,1,1,1,1,1,1,1,1,1,1,1,1,1,1,1,1,1,1,1,1,1,1,1,1,1,1,1,1,1,1,1,1,1,1,1,1,1,1,1,1,1,1,1,1,1,1,1,1,1,1,1,1,1,1,1,1,1,1,1,1,1,1,1,1,1,1,0.980582524,1,1,1,1,1,1,1,1,1,1,1
4266339,acs,T->C,noncoding,1.03024,1.00E-04,120,-1,1,118,0.9,0.75,PASS,0,0,0,0,0,0,0,0,0,0,0,0,0,0,0,0,0,0,0,0,0,0,0.03030303,0,0,0,0,0,0,0,0,0,0,0,0,0.018867925,0,0,0,0,0,0,0,0,0,0,0,0,0,0,0,0,0,0,0,0,0,0,0,0,0,0,0,0,0,0,0,0,0,0,0.08,0.58974359,0.603448276,0.666666667,0.833333333,0.75,1,0.941176471,1,0.967032967,1,0.92,1,1,1,0.9,1,0.95,1,1,1,0.983333333,0.953488372,0.947368421,1,1,1,1,1,1,1,1,1,1,1,1,1,0.984615385,1,1,1,1,1,0.988439306,1,1,1,1,1,0.992537313,1
4266390,acs,C->A,noncoding,4.23697,0.00489951,120,-1,1,118,0.9,0.923077,PASS,0,0,0,0.217391304,0,0.171428571,0.333333333,0.043478261,0.015625,0,0,0,0.058823529,0,0,0,0,0,0,0,0,0,0,0,0,0,0,0.019230769,0,0,0,0,0,0,0,0,0,0,0,0,0,0,0,0,0,0,0,0,0,0,0,0,0,0,0,0,0,0,0,0,0,0,0,0,0,0,0,0,0,0,0,0,0,0,0,0,0,0,0,0,0,0,0,0,0,0,0,0,0,0,0,0,0,0,0,0,0,0,0,0,0,0,0,0,0,0,0,0,0,0,0,0,0,0,0,0,0,0,0,0,0
4329503,intergenic,indel;-5,indel,0.947468,1.00E-04,120,-1,0.444444,119,0.9,0.461538,PASS,0,0,0,0,0,0,0,0,0,0,0,0,0,0,0,0,0,0,0,0,0,0,0,0,0,0,0,0,0,0,0.016835017,0,0,0,0,0,0,0.253521127,0.368663594,0.347490347,0.56,0.49122807,0.363636364,0.471092077,0.4,0.884615385,0.910891089,0.852941176,0.74,1,0.666666667,0.538461538,0.75,0.636363636,0.769230769,0.97826087,1,1,1,1,1,1,1,1,1,1,1,0.987804878,1,1,1,1,1,1,1,1,1,1,1,1,1,1,1,1,1,1,1,1,1,1,1,0.982758621,1,1,1,1,1,1,1,1,1,1,1,1,1,1,1,1,1,1,1,1,1,1,1,0.962264151,1,0.994117647,1,1,1
4330334,intergenic,A->C,noncoding,5.53132,1.00E-04,120,-1,0.75,119,0.9,0.6,PASS,0,0,0,0,0,0,0,0,0,0,0,0,0,0,0,0,0,0,0,0,0,0,0,0,0,0,0,0,0,0,0,0,0,0,0,0,0,0,0,0,0,0,0,0,0,0,0,0,0,0,0,0,0,0,0,0.031746032,0.212121212,0.107142857,0.086206897,0.020408163,0,0,0,0,0,0,0,0,0,0,0,0,0,0,0,0,0,0,0,0,0,0,0,0,0,0.026315789,0,0,0,0,0,0,0,0,0,0,0,0,0,0,0,0,0,0,0,0,0,0,0,0,0,0,0,0,0,0,0,0,0,0,0
4381866,hflC,G->A,missense,2.92496,1.00E-04,120,-1,0.155844,117,0.9,0.444444,PASS,0,0,0,0,0,0,0,0,0,0,0,0,0,0,0,0,0,0,0,0,0,0,0,0,0,0,0,0,0,0,0,0,0,0,0,0,0,0,0,0,0,0,0,0,0,0,0,0,0,0,0,0,0,0,0,0,0.083333333,0.4,0.333333333,0.814814815,0.754716981,0.612903226,0.75,0.176470588,0.705882353,0.555555556,0.277777778,0.223684211,0.24137931,0.366666667,0.208333333,0.222222222,0.125,0.051282051,0.15,0.15,0,0,0,0,0,0,0,0,0,0,0,0,0,0,0,0,0,0,0,0,0,0,0,0,0,0,0,0,0,0,0,0,0,0,0,0,0,0,0,0,0,0,0,0,0
4397787,yjfR,T->G,noncoding,1.86183,0.014165,120,-1,0.324324,118,0.9,0.666667,PASS,0,0,0,0,0,0,0,0,0,0,0,0,0,0,0,0,0,0,0,0,0,0,0,0,0,0,0,0,0,0,0,0,0,0,0,0,0,0,0,0,0,0,0,0,0,0,0,0,0,0,0,0,0,0,0,0,0,0,0,0,0,0,0,0,0,0,0,0,0,0,0,0,0,0,0,0,0,0,0,0,0,0,0,0,0,0,0,0,0,0,0,0,0,0,0,0,0,0,0,0,0,0,0,0,0,0,0,0,0,0,0,0.017857143,0.085227273,0.18627451,0.125,0.065217391,0.038461538,0.058441558,0.090909091,0.06741573,0
4414607,intergenic,A->C,noncoding,0.940176,1.00E-04,120,-1,0.413793,118,0.9,0.923077,PASS,0,0,0,0,0,0,0,0,0,0,0,0,0,0,0,0,0,0,0,0,0,0,0,0,0,0,0,0,0,0,0,0,0,0,0,0,0,0,0,0,0,0,0,0,0,0,0,0,0,0,0,0,0,0.125,0.1875,0.375,0.347826087,0.172413793,0.266666667,0.173913043,0.166666667,0.166666667,0.24,0.15625,0.191489362,0.136363636,0.272727273,0.26,0.485714286,0.125,0.069767442,0.512195122,0.698113208,0.6875,0.916666667,0.935483871,1,1,1,0.979381443,1,1,1,1,1,1,1,1,1,0.9375,1,1,1,0.962962963,1,1,1,1,1,1,1,0.986486486,1,1,1,1,1,1,1,1,0.961538462,1,1,1,1,1,1,1,1,1,1
4450683,intergenic,G->A,noncoding,4.67175,1.00E-04,120,-1,1,118,0.9,1,PASS,0,0,0,0,0,0,0,0,0,0,0,0,0,0,0,0,0,0,0,0,0,0,0,0,0,0,0,0,0,0,0,0,0,0,0,0,0,0,0,0,0,0,0,0,0,0,0,0,0,0,0,0,0,0,0,0,0,0,0,0,0,0,0,0,0.24,0.75,0.19047619,0.263157895,0.225806452,0.130434783,0.073170732,0.029411765,0,0,0,0,0,0,0,0,0,0,0,0,0,0,0,0,0,0,0,0,0,0,0,0,0,0,0,0,0,0,0,0,0,0,0,0,0,0,0,0,0,0,0,0,0,0,0.016393443,0,0
4452961,mgtA,A->G,missense,3.06,0.00329967,120,-1,0.2,119,0.9,0.315789,PASS,0,0,0,0,0,0,0,0,0,0,0,0,0,0,0,0,0,0,0,0,0,0,0,0,0,0,0,0,0,0,0,0,0,0,0,0,0,0,0,0,0,0,0,0,0,0,0,0,0,0,0,0,0,0,0,0,0,0,0,0,0,0,0,0,0,0,0,0,0,0,0,0,0,0,0,0,0,0,0,0,0,0,0,0,0,0,0,0,0,0,0,0,0,0,0,0,0,0,0,0,0,0,0,0,0,0,0,0,0,0,0,0,0,0.006493506,0,0.012987013,0.018181818,0.0625,0.122222222,0.083969466,0.058823529
4462693,yjgN,MOB_4462693_4462701_IS1_1,sv,0.956061,1.00E-04,120,-1,0.521739,117,0.9,0.0606061,PASS,0,0,0,0,0,0,0.043496856,0,0,0,0,0,0,0,0,0,0,0,0,0,0,0,0,0,0,0,0,0,0,0,0,0,0,0,0,0,0,0,0,0.049040198,0,0.047546006,0.090775119,0.073234249,0.410855556,0.818913043,0.796176591,0.777562849,0.696057987,0.661432011,0.568406812,0.767565637,0.857973621,0.830726087,0.906350467,0.986558785,0.976904535,0.973461026,0.961850379,1,1,0.983884157,1,1,0.963689408,1,0.976843521,0.993492308,1,0.983995231,1,0.985879287,1,1,0.971219512,1,0.987295226,0.975036675,0.981663516,0.993744228,0.969580838,0.981424861,0.954983483,0.951657286,1,1,0.952432432,0.967003344,0.987040761,1,0.965802867,0.975765889,1,1,0.983534314,1,0.985495063,1,1,0.956886494,0.986760446,1,1,1,1,0.986376238,0.971812849,0.982809114,1,0.985921587,0.972826087,0.986846053,0.997620314,0.996824477,1,1,0.986128312,0.985410901,0.99323686,0.987785888,1
4524522,fimA,MOB_4524522_4524527_IS186_-1,sv,0.769137,0.00991099,120,-1,0.0524017,118,0.9,0.155844,PASS,0,0,0,0,0,0.009174312,0,0,0.010050251,0.022222222,0.017857143,0,0.055555556,0.009174312,0.072463768,0,0.02173913,0,0,0.029411765,0.005952381,0.032786885,0,0.047058824,0.016949153,0.037037037,0.011627907,0.033333333,0.018691589,0.037974684,0.02,0.016666667,0.029411765,0.02020202,0.028571429,0.050847458,0.109090909,0.015151515,0.040540541,0.034482759,0,0.032786885,0,0.016304348,0.012345679,0,0,0,0.026548673,0.025,0.025,0,0,0,0.054054054,0,0.024390244,0.032258065,0,0.025,0.007518797,0.015384615,0.045454545,0,0.095890411,0.048780488,0,0.028571429,0.089108911,0.149253731,0.106060606,0.074074074,0.021052632,0.025,0.045454545,0.034482759,0.023255814,0.044444444,0.023255814,0.054187192,0.040816327,0,0,0,0.046728972,0,0.051282051,0.103448276,0,0,0,0.007518797,0.052631579,0.083333333,0.036144578,0.029850746,0,0.012987013,0.03125,0.008130081,0.039473684,0.010204082,0.063829787,0.045977011,0,0,0,0.034782609,0.086956522,0.011627907,0,0.013605442,0.026829268,0.070422535,0.014492754,0.016393443,0.031746032,0.024096386,0.099378882,0.123762376,0.159090909
4558694,hsdS,MOB_4558694_4558701_IS1_-1,sv,1.10215,1.00E-04,120,-1,0.75,111,0.9,0.342857,PASS,0,0,0,0,0,0,0,0,0,0,0,0,0,0,0,0,0,0,0,0,0,0,0,0,0,0,0,0,0,0,0,0.014492754,0,0,0,0,0,0,0,0,0,0,0,0,0,0,0,0,0,0,0,0,0,0,0,0,0,0,0,0,0,0,0,0,0,0,0,0,0,0,0,0,0,0,0,0,0,0,0,0,0,0,0,0,0,0,0,0,0,0,0.111111111,0.951807229,1,1,0.95959596,1,0.980392157,1,0.985507246,0.973154362,0.952380952,0.967479675,0.964285714,0.970588235,0.930232558,0.979166667,0.964285714,0.97,1,0.983516484,0.965517241,0.957142857,0.952229299,0.954356846,0.967213115,0.96,0.963414634,0.953929539,0.981481481,0.967592593,0.963636364
4576626,hpaD,T->G,missense,2.78693,1.00E-04,120,-1,0.218182,118,0.9,0.387097,PASS,0,0,0,0,0,0,0,0,0,0,0,0,0,0,0,0,0,0,0,0,0,0,0,0,0,0,0,0,0,0,0,0,0,0,0,0,0,0,0,0.055555556,0,0.146341463,0.266666667,0.235849057,0.212121212,0.192307692,0.181818182,0.161290323,0.204545455,0.25,0.214285714,0.352941176,0.108108108,0.157894737,0.384615385,0.05,0.117647059,0,0,0,0,0,0,0,0,0,0,0,0,0,0,0,0,0,0,0,0,0,0,0,0,0,0,0,0,0,0,0,0,0,0,0,0,0,0,0,0,0,0,0,0,0,0,0,0,0,0,0,0,0,0,0,0,0,0,0,0,0,0,0,0
4616409,nadR,A->G,missense,0.990323,1.00E-04,120,-1,0.126316,119,0.9,0.631579,PASS,0.004444444,0,0,0,0,0,0,0,0,0,0,0.064516129,0.5,0.80952381,0.961538462,1,1,1,1,1,1,1,1,1,1,1,1,1,1,1,1,1,1,1,1,1,1,1,1,1,1,1,1,0.981132075,1,1,1,1,1,1,1,1,1,1,1,1,1,1,1,1,1,1,1,1,1,1,1,1,1,1,1,1,1,1,1,1,1,1,1,1,1,1,1,1,1,1,1,1,1,1,1,1,1,1,1,1,1,1,1,1,1,1,1,1,1,1,1,1,1,1,1,1,1,1,1,1,1,1,1,1,1
4627793,arcA,A->G,missense,0.986861,1.00E-04,120,-1,0.133333,118,0.9,0.666667,PASS,0,0,0.125,0,0,0,0,0,0,0,0,0,0,0.666666667,0.772727273,0.916666667,1,1,1,1,1,1,1,1,1,1,1,1,1,1,1,1,1,1,1,1,1,1,1,1,1,1,1,1,1,1,1,1,1,1,1,1,1,1,1,1,1,1,1,1,1,1,1,1,1,1,1,1,1,1,1,1,1,1,1,1,1,1,1,1,1,1,1,1,1,1,1,1,1,1,1,1,1,1,1,1,1,1,1,1,1,0.944444444,1,1,1,1,1,1,1,1,1,1,1,1,1,1,1,1,1,1,1